id,laureate,gender,year,category,motivation,affiliation,birth_date,birth_place,birth_country,death_date
981,Wilhelm Conrad Röntgen,male,1901,physics,in recognition of the extraordinary services he has rendered by the discovery of the remarkable rays subsequently named after him,Munich University,1845-03-27,"Lennep, Prussia (now Remscheid, Germany)",Prussia,
451,Jacobus Henricus van 't Hoff,male,1901,chemistry,in recognition of the extraordinary services he has rendered by the discovery of the laws of chemical dynamics and osmotic pressure in solutions,Berlin University,1852-08-30,"Rotterdam, the Netherlands",the Netherlands,
235,Emil Adolf von Behring,male,1901,medicine,"for his work on serum therapy, especially its application against diphtheria, by which he has opened a new road in the domain of medical science and thereby placed in the hands of the physician a victorious weapon against illness and deaths",Marburg University,1854-03-15,"Hansdorf, Prussia (now Lawice, Poland)",Prussia,
912,Sully Prudhomme,male,1901,literature,"in special recognition of his poetic composition, which gives evidence of lofty idealism, artistic perfection and a rare combination of the qualities of both heart and intellect",,1839-03-16,"Paris, France",France,
287,Frédéric Passy,male,1901,peace,"for his lifelong work for international peace conferences, diplomacy and arbitration",,1822-05-20,"Paris, France",France,
394,Jean Henry Dunant,male,1901,peace,for his humanitarian efforts to help wounded soldiers and create international understanding,,1828-05-08,"Geneva, Switzerland",Switzerland,
387,Hendrik Antoon Lorentz,male,1902,physics,in recognition of the extraordinary service they rendered by their researches into the influence of magnetism upon radiation phenomena,Leiden University,1853-07-18,"Arnhem, the Netherlands",the Netherlands,
765,Pieter Zeeman,male,1902,physics,in recognition of the extraordinary service they rendered by their researches into the influence of magnetism upon radiation phenomena,Amsterdam University,1865-05-25,"Zonnemaire, the Netherlands",the Netherlands,
234,Hermann Emil Fischer,male,1902,chemistry,in recognition of the extraordinary services he has rendered by his work on sugar and purine syntheses,Berlin University,1852-10-09,"Euskirchen, Prussia (now Germany)",Prussia,
842,Ronald Ross,male,1902,medicine,"for his work on malaria, by which he has shown how it enters the organism and thereby has laid the foundation for successful research on this disease and methods of combating it",University College,1857-05-13,"Almora, India",India,
929,Christian Matthias Theodor Mommsen,male,1902,literature,"the greatest living master of the art of historical writing, with special reference to his monumental work, <I>A history of Rome</I>",,1817-11-30,"Garding, Schleswig (now Germany)",Schleswig,
28,Charles Albert Gobat,male,1902,peace,for his eminently practical administration of the Inter-Parliamentary Union,,1843-05-21,"Tramelan, Switzerland",Switzerland,
228,Élie Ducommun,male,1902,peace,for his untiring and skilful directorship of the Bern Peace Bureau,,1833-02-19,"Geneva, Switzerland",Switzerland,
388,Antoine Henri Becquerel,male,1903,physics,in recognition of the extraordinary services he has rendered by his discovery of spontaneous radioactivity,École Polytechnique,1852-12-15,"Paris, France",France,
621,"Marie Curie, née Skłodowska",female,1903,physics,in recognition of the extraordinary services they have rendered by their joint researches on the radiation phenomena discovered by Professor Henri Becquerel,,1867-11-07,"Warsaw, Russian Empire (now Poland)",Russian Empire,
763,Pierre Curie,male,1903,physics,in recognition of the extraordinary services they have rendered by their joint researches on the radiation phenomena discovered by Professor Henri Becquerel,École municipale de physique et de chimie industrielles (Municipal School of Industrial Physics and Chemistry),1859-05-15,"Paris, France",France,
916,Svante August Arrhenius,male,1903,chemistry,in recognition of the extraordinary services he has rendered to the advancement of chemistry by his electrolytic theory of dissociation,Stockholm University,1859-02-19,"Vik, Sweden",Sweden,
687,Niels Ryberg Finsen,male,1903,medicine,"in recognition of his contribution to the treatment of diseases, especially lupus vulgaris, with concentrated light radiation, whereby he has opened a new avenue for medical science",Finsen Medical Light Institute,1860-12-15,"Thorshavn, Faroe Islands (Denmark)",Faroe Islands (Denmark),
111,Bjørnstjerne Martinus Bjørnson,male,1903,literature,"as a tribute to his noble, magnificent and versatile poetry, which has always been distinguished by both the freshness of its inspiration and the rare purity of its spirit",,1832-12-08,"Kvikne, Norway",Norway,
775,William Randal Cremer,male,1903,peace,for his longstanding and devoted effort in favour of the ideas of peace and arbitration,,1828-03-18,"Fareham, United Kingdom",United Kingdom,
599,Lord Rayleigh (John William Strutt),male,1904,physics,for his investigations of the densities of the most important gases and for his discovery of argon in connection with these studies,Royal Institution of Great Britain,1842-11-12,"Langford Grove, Maldon, Essex, United Kingdom",United Kingdom,
904,Sir William Ramsay,male,1904,chemistry,"in recognition of his services in the discovery of the inert gaseous elements in air, and his determination of their place in the periodic system",University College,1852-10-02,"Glasgow, Scotland",Scotland,
437,Ivan Petrovich Pavlov,male,1904,medicine,"in recognition of his work on the physiology of digestion, through which knowledge on vital aspects of the subject has been transformed and enlarged",Military Medical Academy,1849-09-14,"Ryazan, Russia",Russia,
286,Frédéric Mistral,male,1904,literature,"in recognition of the fresh originality and true inspiration of his poetic production, which faithfully reflects the natural scenery and native spirit of his people, and, in addition, his significant work as a Proven&ccedil;al philologist",,1830-09-08,"Maillane, France",France,
525,José Echegaray y Eizaguirre,male,1904,literature,"in recognition of the numerous and brilliant compositions which, in an individual and original manner, have revived the great traditions of the Spanish drama",,1832-04-19,"Madrid, Spain",Spain,
420,Institute of International Law,org,1904,peace,for its striving in public law to develop peaceful ties between nations and to make the laws of war more humane,,,,,
759,Philipp Eduard Anton von Lenard,male,1905,physics,for his work on cathode rays,Kiel University,1862-06-07,"Pressburg, Hungary (now Bratislava, Slovakia)",Hungary,
12,Johann Friedrich Wilhelm Adolf von Baeyer,male,1905,chemistry,"in recognition of his services in the advancement of organic chemistry and the chemical industry, through his work on organic dyes and hydroaromatic compounds",Munich University,1835-10-31,"Berlin, Prussia (now Germany)",Prussia,
821,Robert Koch,male,1905,medicine,for his investigations and discoveries in relation to tuberculosis,Institute for Infectious Diseases,1843-12-11,"Clausthal (now Clausthal-Zellerfeld), Germany",Germany,
398,Henryk Sienkiewicz,male,1905,literature,because of his outstanding merits as an epic writer,,1846-05-05,"Wola Okrzejska, Poland",Poland,
106,"Baroness Bertha Sophie Felicita von Suttner, née Countess Kinsky von Chinic und Tettau",female,1905,peace,for her audacity to oppose the horrors of war,,1843-06-09,"Prague, Austrian Empire (now Czech Republic)",Austrian Empire,
446,Joseph John Thomson,male,1906,physics,in recognition of the great merits of his theoretical and experimental investigations on the conduction of electricity by gases,University of Cambridge,1856-12-18,"Cheetham Hill, United Kingdom",United Kingdom,
391,Henri Moissan,male,1906,chemistry,"in recognition of the great services rendered by him in his investigation and isolation of the element fluorine, and for the adoption in the service of science of the electric furnace called after him",Sorbonne University,1852-09-28,"Paris, France",France,
120,Camillo Golgi,male,1906,medicine,in recognition of their work on the structure of the nervous system,Pavia University,1843-07-07,"Corteno, Italy",Italy,
856,Santiago Ramón y Cajal,male,1906,medicine,in recognition of their work on the structure of the nervous system,Madrid University,1852-05-01,"Petilla de Aragón, Spain",Spain,
347,Giosuè Carducci,male,1906,literature,"not only in consideration of his deep learning and critical research, but above all as a tribute to the creative energy, freshness of style, and lyrical force which characterize his poetic masterpieces",,1835-07-27,"Val di Castello, Tuscany (now Italy)",Tuscany,
931,Theodore Roosevelt Jr.,male,1906,peace,"for his role in bringing to an end the bloody war recently waged between two of the world's great powers, Japan and Russia",,1858-10-27,"New York, NY, USA",USA,
23,Albert Abraham Michelson,male,1907,physics,for his optical precision instruments and the spectroscopic and metrological investigations carried out with their aid,University of Chicago,1852-12-19,"Strelno, Prussia (now Strzelno, Poland)",Prussia,
212,Eduard Buchner,male,1907,chemistry,for his biochemical researches and his discovery of cell-free fermentation,Landwirtschaftliche Hochschule (Agricultural College),1860-05-20,"Munich, Bavaria (now Germany)",Bavaria,
48,Charles Louis Alphonse Laveran,male,1907,medicine,in recognition of his work on the role played by protozoa in causing diseases,Institut Pasteur,1845-06-18,"Paris, France",France,
848,Rudyard Kipling,male,1907,literature,"in consideration of the power of observation, originality of imagination, virility of ideas and remarkable talent for narration which characterize the creations of this world-famous author",,1865-12-30,"Bombay, British India (now Mumbai, India)",British India,
250,Ernesto Teodoro Moneta,male,1907,peace,"for his work in the press and in peace meetings, both public and private, for an understanding between France and Italy",,1833-09-20,"Milan, Austrian Empire (now Italy)",Austrian Empire,
605,Louis Renault,male,1907,peace,for his decisive influence upon the conduct and outcome of the Hague and Geneva Conferences,Sorbonne University,1843-05-21,"Autun, France",France,
304,Gabriel Lippmann,male,1908,physics,for his method of reproducing colours photographically based on the phenomenon of interference,Sorbonne University,1845-08-16,"Hollerich, Luxembourg",Luxembourg,
248,Ernest Rutherford,male,1908,chemistry,"for his investigations into the disintegration of the elements, and the chemistry of radioactive substances",Victoria University,1871-08-30,"Nelson, New Zealand",New Zealand,
417,Ilya Ilyich Mechnikov,male,1908,medicine,in recognition of their work on immunity,Institut Pasteur,1845-05-15,"Kharkov, Russian Empire (now Kharkiv, Ukraine)",Russian Empire,
727,Paul Ehrlich,male,1908,medicine,in recognition of their work on immunity,Goettingen University,1854-03-14,"Strehlen, Prussia (now Strzelin, Poland)",Prussia,
845,Rudolf Christoph Eucken,male,1908,literature,"in recognition of his earnest search for truth, his penetrating power of thought, his wide range of vision, and the warmth and strength in presentation with which in his numerous works he has vindicated and developed an idealistic philosophy of life",,1846-01-05,"Aurich, East Friesland (now Germany)",East Friesland,
294,Fredrik Bajer,male,1908,peace,"for their long time work for the cause of peace as politicians, peace society leaders, orators and authors",,1837-04-21,"Næstved, Denmark",Denmark,
563,Klas Pontus Arnoldson,male,1908,peace,"for their long time work for the cause of peace as politicians, peace society leaders, orators and authors",,1844-10-27,"Gothenburg, Sweden",Sweden,
268,Karl Ferdinand Braun,male,1909,physics,in recognition of their contributions to the development of wireless telegraphy,Strasbourg University,1850-06-06,"Fulda, Hesse-Kassel (now Germany)",Hesse-Kassel,
354,Guglielmo Marconi,male,1909,physics,in recognition of their contributions to the development of wireless telegraphy,Marconi Wireless Telegraph Co. Ltd.,1874-04-25,"Bologna, Italy",Italy,
982,Wilhelm Ostwald,male,1909,chemistry,in recognition of his work on catalysis and for his investigations into the fundamental principles governing chemical equilibria and rates of reaction,Leipzig University,1853-09-02,"Riga, Russian Empire (now Latvia)",Russian Empire,
928,Emil Theodor Kocher,male,1909,medicine,"for his work on the physiology, pathology and surgery of the thyroid gland",Berne University,1841-08-25,"Bern, Switzerland",Switzerland,
862,Selma Ottilia Lovisa Lagerlöf,female,1909,literature,"in appreciation of the lofty idealism, vivid imagination and spiritual perception that characterize her writings",,1858-11-20,"Mårbacka, Sweden",Sweden,
88,Auguste Marie François Beernaert,male,1909,peace,for their prominent position in the international movement for peace and arbitration,,1829-07-26,"Ostend, Belgium",Belgium,
729,"Paul Henri Benjamin Balluet d'Estournelles de Constant, Baron de Constant de Rebecque",male,1909,peace,for their prominent position in the international movement for peace and arbitration,,1852-11-22,"La Flèche, France",France,
489,Johannes Diderik van der Waals,male,1910,physics,for his work on the equation of state for gases and liquids,Amsterdam University,1837-11-23,"Leiden, the Netherlands",the Netherlands,
713,Otto Wallach,male,1910,chemistry,in recognition of his services to organic chemistry and the chemical industry by his pioneer work in the field of alicyclic compounds,Goettingen University,1847-03-27,"Koenigsberg, Germany (now Kaliningrad, Russia)",Germany,
32,Albrecht Kossel,male,1910,medicine,"in recognition of the contributions to our knowledge of cell chemistry made through his work on proteins, including the nucleic substances",University of Heidelberg,1853-09-16,"Rostock, Mecklenburg (now Germany)",Mecklenburg,
730,Paul Johann Ludwig Heyse,male,1910,literature,"as a tribute to the consummate artistry, permeated with idealism, which he has demonstrated during his long productive career as a lyric poet, dramatist, novelist and writer of world-renowned short stories",,1830-03-15,"Berlin, Prussia (now Germany)",Prussia,
743,Permanent International Peace Bureau,org,1910,peace,"for acting as a link between the peace societies of the various countries, and helping them to organize the world rallies of the international peace movement",,,,,
983,Wilhelm Wien,male,1911,physics,for his discoveries regarding the laws governing the radiation of heat,Würzburg University,1864-01-13,"Gaffken, Prussia (now Parusnoye, Russia)",Prussia,
622,"Marie Curie, née Skłodowska",female,1911,chemistry,"in recognition of her services to the advancement of chemistry by the discovery of the elements radium and polonium, by the isolation of radium and the study of the nature and compounds of this remarkable element",Sorbonne University,1867-11-07,"Warsaw, Russian Empire (now Poland)",Russian Empire,
47,Allvar Gullstrand,male,1911,medicine,for his work on the dioptrics of the eye,Uppsala University,1862-06-05,"Landskrona, Sweden",Sweden,
638,Count Maurice (Mooris) Polidore Marie Bernhard Maeterlinck,male,1911,literature,"in appreciation of his many-sided literary activities, and especially of his dramatic works, which are distinguished by a wealth of imagination and by a poetic fancy, which reveals, sometimes in the guise of a fairy tale, a deep inspiration, while in a mysterious way they appeal to the readers' own feelings and stimulate their imaginations",,1862-08-29,"Ghent, Belgium",Belgium,
41,Alfred Hermann Fried,male,1911,peace,"for his effort to expose and fight what he considers to be the main cause of war, namely, the anarchy in international relations",,1864-11-11,"Vienna, Austria",Austria,
944,Tobias Michael Carel Asser,male,1911,peace,"for his role as co-founder of the Institut de droit international, initiator of the Conferences on International Private Law (Conférences de Droit international privé) at the Hague, and pioneer in the field of international legal relations",,1838-04-28,"Amsterdam, the Netherlands",the Netherlands,
359,Nils Gustaf Dalén,male,1912,physics,for his invention of automatic regulators for use in conjunction with gas accumulators for illuminating lighthouses and buoys,Swedish Gas-Accumulator Co.,1869-11-30,"Stenstorp, Sweden",Sweden,
739,Paul Sabatier,male,1912,chemistry,for his method of hydrogenating organic compounds in the presence of finely disintegrated metals whereby the progress of organic chemistry has been greatly advanced in recent years,Toulouse University,1854-11-05,"Carcassonne, France",France,
965,Victor Grignard,male,1912,chemistry,"for the discovery of the so-called Grignard reagent, which in recent years has greatly advanced the progress of organic chemistry",Nancy University,1871-05-06,"Cherbourg, France",France,
38,Alexis Carrel,male,1912,medicine,in recognition of his work on vascular suture and the transplantation of blood vessels and organs,Rockefeller Institute for Medical Research,1873-06-28,"Sainte-Foy-lès-Lyon, France",France,
342,Gerhart Johann Robert Hauptmann,male,1912,literature,"primarily in recognition of his fruitful, varied and outstanding production in the realm of dramatic art",,1862-11-15,"Bad Salzbrunn, Prussia (now Poland)",Prussia,
230,Elihu Root,male,1912,peace,for bringing about better understanding between the countries of North and South America and initiating important arbitration agreements between the United States and other countries,,1845-02-15,"Clinton, NY, USA",USA,
383,Heike Kamerlingh Onnes,male,1913,physics,"for his investigations on the properties of matter at low temperatures which led, inter alia, to the production of liquid helium",Leiden University,1853-09-21,"Groningen, the Netherlands",the Netherlands,
44,Alfred Werner,male,1913,chemistry,in recognition of his work on the linkage of atoms in molecules by which he has thrown new light on earlier investigations and opened up new fields of research especially in inorganic chemistry,University of Zurich,1866-12-12,"Mulhouse, France",France,
145,Charles Robert Richet,male,1913,medicine,in recognition of his work on anaphylaxis,Sorbonne University,1850-08-26,"Paris, France",France,
769,Rabindranath Tagore,male,1913,literature,"because of his profoundly sensitive, fresh and beautiful verse, by which, with consummate skill, he has made his poetic thought, expressed in his own English words, a part of the literature of the West",,1861-05-07,"Calcutta, India",India,
390,Henri La Fontaine,male,1913,peace,for his unparalleled contribution to the organization of peaceful internationalism,,1854-04-22,"Brussels, Belgium",Belgium,
645,Max von Laue,male,1914,physics,for his discovery of the diffraction of X-rays by crystals,Frankfurt-on-the-Main University,1879-10-09,"Pfaffendorf, Germany",Germany,
932,Theodore William Richards,male,1914,chemistry,in recognition of his accurate determinations of the atomic weight of a large number of chemical elements,Harvard University,1868-01-31,"Germantown, PA, USA",USA,
806,Robert Bárány,male,1914,medicine,for his work on the physiology and pathology of the vestibular apparatus,Vienna University,1876-04-22,"Vienna, Austria",Austria,
577,William Lawrence Bragg,male,1915,physics,for their services in the analysis of crystal structure by means of X-rays,Victoria University,1890-03-31,"Adelaide, Australia",Australia,
989,Sir William Henry Bragg,male,1915,physics,for their services in the analysis of crystal structure by means of X-rays,University College,1862-07-02,"Wigton, United Kingdom",United Kingdom,
797,Richard Martin Willstätter,male,1915,chemistry,"for his researches on plant pigments, especially chlorophyll",Kaiser-Wilhelm-Institut (now Max-Planck Institut) für Chemie,1872-08-13,"Karlsruhe, Germany",Germany,
839,Romain Rolland,male,1915,literature,as a tribute to the lofty idealism of his literary production and to the sympathy and love of truth with which he has described different types of human beings,,1866-01-29,"Clamecy, France",France,
960,Carl Gustaf Verner von Heidenstam,male,1916,literature,in recognition of his significance as the leading representative of a new era in our literature,,1859-07-06,"Olshammar, Sweden",Sweden,
139,Charles Glover Barkla,male,1917,physics,for his discovery of the characteristic R&ouml;ntgen radiation of the elements,Edinburgh University,1877-06-07,"Widnes, United Kingdom",United Kingdom,
393,Henrik Pontoppidan,male,1917,literature,for his authentic descriptions of present-day life in Denmark,,1857-07-24,"Fredericia, Denmark",Denmark,
549,Karl Adolph Gjellerup,male,1917,literature,"for his varied and rich poetry, which is inspired by lofty ideals",,1857-06-02,"Roholte, Denmark",Denmark,
425,International Committee of the Red Cross,org,1917,peace,for the efforts to take care of wounded soldiers and prisoners of war and their families,,,,,
643,Max Karl Ernst Ludwig Planck,male,1918,physics,in recognition of the services he rendered to the advancement of Physics by his discovery of energy quanta,Berlin University,1858-04-23,"Kiel, Schleswig (now Germany)",Schleswig,
300,Fritz Haber,male,1918,chemistry,for the synthesis of ammonia from its elements,Kaiser-Wilhelm-Institut (now Fritz-Haber-Institut) für physikalische Chemie und Electrochemie,1868-12-09,"Breslau, Prussia (now Wroclaw, Poland)",Prussia,
491,Johannes Stark,male,1919,physics,for his discovery of the Doppler effect in canal rays and the splitting of spectral lines in electric fields,Greifswald University,1874-04-15,"Schickenhof, Germany",Germany,
540,Jules Bordet,male,1919,medicine,for his discoveries relating to immunity,Brussels University,1870-06-13,"Soignies, Belgium",Belgium,
125,Carl Friedrich Georg Spitteler,male,1919,literature,"in special appreciation of his epic, <I>Olympian Spring</I>",,1845-04-24,"Liestal, Switzerland",Switzerland,
1014,Thomas Woodrow Wilson,male,1919,peace,for his role as founder of the League of Nations,,1856-12-28,"Staunton, VA, USA",USA,
137,Charles Edouard Guillaume,male,1920,physics,in recognition of the service he has rendered to precision measurements in Physics by his discovery of anomalies in nickel steel alloys,Bureau International des Poids et Mesures (International Bureau of Weights and Measures),1861-02-15,"Fleurier, Switzerland",Switzerland,
974,Walther Hermann Nernst,male,1920,chemistry,in recognition of his work in thermochemistry,Berlin University,1864-06-25,"Briesen, Prussia (now Wąbrzeźno, Poland)",Prussia,
87,Schack August Steenberg Krogh,male,1920,medicine,for his discovery of the capillary motor regulating mechanism,Copenhagen University,1874-11-15,"Grenå, Denmark",Denmark,
566,Knut Pedersen Hamsun,male,1920,literature,"for his monumental work, <I>Growth of the Soil</I>",,1859-08-04,"Lom, Norway",Norway,
583,Léon Victor Auguste Bourgeois,male,1920,peace,for his longstanding contribution to the cause of peace and justice and his prominent role in the establishment of the League of Nations,,1851-05-21,"Paris, France",France,
26,Albert Einstein,male,1921,physics,"for his services to Theoretical Physics, and especially for his discovery of the law of the photoelectric effect",Kaiser-Wilhelm-Institut (now Max-Planck-Institut) für Physik,1879-03-14,"Ulm, Germany",Germany,
293,Frederick Soddy,male,1921,chemistry,"for his contributions to our knowledge of the chemistry of radioactive substances, and his investigations into the origin and nature of isotopes",University of Oxford,1877-09-02,"Eastbourne, United Kingdom",United Kingdom,
54,Anatole France,male,1921,literature,"in recognition of his brilliant literary achievements, characterized as they are by a nobility of style, a profound human sympathy, grace, and a true Gallic temperament",,1844-04-16,"Paris, France",France,
150,Christian Lous Lange,male,1921,peace,for their lifelong contributions to the cause of peace and organized internationalism,,1869-09-17,"Stavanger, Norway",Norway,
411,Karl Hjalmar Branting,male,1921,peace,for their lifelong contributions to the cause of peace and organized internationalism,,1860-11-23,"Stockholm, Sweden",Sweden,
685,Niels Henrik David Bohr,male,1922,physics,for his services in the investigation of the structure of atoms and of the radiation emanating from them,Copenhagen University,1885-10-07,"Copenhagen, Denmark",Denmark,
275,Francis William Aston,male,1922,chemistry,"for his discovery, by means of his mass spectrograph, of isotopes, in a large number of non-radioactive elements, and for his enunciation of the whole-number rule",University of Cambridge,1877-09-01,"Harborne, United Kingdom",United Kingdom,
72,Archibald Vivian Hill,male,1922,medicine,for his discovery relating to the production of heat in the muscle,London University,1886-09-26,"Bristol, United Kingdom",United Kingdom,
711,Otto Fritz Meyerhof,male,1922,medicine,for his discovery of the fixed relationship between the consumption of oxygen and the metabolism of lactic acid in the muscle,Kiel University,1884-04-12,"Hanover, Germany",Germany,
447,Jacinto Benavente,male,1922,literature,for the happy manner in which he has continued the illustrious traditions of the Spanish drama,,1866-08-12,"Madrid, Spain",Spain,
295,Fridtjof Nansen,male,1922,peace,"for his leading role in the repatriation of prisoners of war, in international relief work and as the League of Nations' High Commissioner for refugees",,1861-10-10,"Kristiania (now Oslo), Norway",Norway,
802,Robert Andrews Millikan,male,1923,physics,for his work on the elementary charge of electricity and on the photoelectric effect,California Institute of Technology (Caltech),1868-03-22,"Morrison, IL, USA",USA,
302,Fritz Pregl,male,1923,chemistry,for his invention of the method of micro-analysis of organic substances,Graz University,1869-09-03,"Laibach, Austria-Hungary (now Ljubljana, Slovenia)",Austria-Hungary,
289,Frederick Grant Banting,male,1923,medicine,for the discovery of insulin,University of Toronto,1891-11-14,"Alliston, Canada",Canada,
517,John James Rickard Macleod,male,1923,medicine,for the discovery of insulin,University of Toronto,1876-09-06,"Cluny, Scotland",Scotland,
990,William Butler Yeats,male,1923,literature,"for his always inspired poetry, which in a highly artistic form gives expression to the spirit of a whole nation",,1865-06-13,"Dublin, Ireland",Ireland,
617,Karl Manne Georg Siegbahn,male,1924,physics,for his discoveries and research in the field of X-ray spectroscopy,Uppsala University,1886-12-03,"Örebro, Sweden",Sweden,
986,Willem Einthoven,male,1924,medicine,for his discovery of the mechanism of the electrocardiogram,Leiden University,1860-05-21,"Semarang, Java, Dutch East Indies (now Indonesia)","Java, Dutch East Indies",
1009,Władysław Stanisław Reymont,male,1924,literature,"for his great national epic, <I>The Peasants</I>",,1867-05-07,"Kobiele Wielkie, Russian Empire (now Poland)",Russian Empire,
360,Gustav Ludwig Hertz,male,1925,physics,for their discovery of the laws governing the impact of an electron upon an atom,Halle University,1887-07-22,"Hamburg, Germany",Germany,
461,James Franck,male,1925,physics,for their discovery of the laws governing the impact of an electron upon an atom,Goettingen University,1882-08-26,"Hamburg, Germany",Germany,
798,Richard Adolf Zsigmondy,male,1925,chemistry,"for his demonstration of the heterogenous nature of colloid solutions and for the methods he used, which have since become fundamental in modern colloid chemistry",Goettingen University,1865-04-01,"Vienna, Austrian Empire (now Austria)",Austrian Empire,
316,George Bernard Shaw,male,1925,literature,"for his work which is marked by both idealism and humanity, its stimulating satire often being infused with a singular poetic beauty",,1856-07-26,"Dublin, Ireland",Ireland,
138,Charles Gates Dawes,male,1925,peace,for his crucial role in bringing about the Dawes Plan,,1865-08-27,"Marietta, OH, USA",USA,
882,Sir Austen Chamberlain,male,1925,peace,for his crucial role in bringing about the Locarno Treaty,,1863-10-16,"Birmingham, United Kingdom",United Kingdom,
473,Jean Baptiste Perrin,male,1926,physics,"for his work on the discontinuous structure of matter, and especially for his discovery of sedimentation equilibrium",Sorbonne University,1870-09-30,"Lille, France",France,
927,The (Theodor) Svedberg,male,1926,chemistry,for his work on disperse systems,Uppsala University,1884-08-30,"Fleräng, Sweden",Sweden,
490,Johannes Andreas Grib Fibiger,male,1926,medicine,for his discovery of the Spiroptera carcinoma,Copenhagen University,1867-04-23,"Silkeborg, Denmark",Denmark,
352,Grazia Deledda,female,1926,literature,for her idealistically inspired writings which with plastic clarity picture the life on her native island and with depth and sympathy deal with human problems in general,,1871-09-27,"Nuoro, Sardinia, Italy",Italy,
75,Aristide Briand,male,1926,peace,for their crucial role in bringing about the Locarno Treaty,,1862-03-28,"Nantes, France",France,
361,Gustav Stresemann,male,1926,peace,for their crucial role in bringing about the Locarno Treaty,,1878-05-10,"Berlin, Germany",Germany,
80,Arthur Holly Compton,male,1927,physics,for his discovery of the effect named after him,University of Chicago,1892-09-10,"Wooster, OH, USA",USA,
119,Charles Thomson Rees Wilson,male,1927,physics,for his method of making the paths of electrically charged particles visible by condensation of vapour,University of Cambridge,1869-02-14,"Glencorse, Scotland",Scotland,
386,Heinrich Otto Wieland,male,1927,chemistry,for his investigations of the constitution of the bile acids and related substances,Munich University,1877-06-04,"Pforzheim, Germany",Germany,
543,Julius Wagner-Jauregg,male,1927,medicine,for his discovery of the therapeutic value of malaria inoculation in the treatment of dementia paralytica,Vienna University,1857-03-07,"Wels, Austria",Austria,
389,Henri Bergson,male,1927,literature,in recognition of his rich and vitalizing ideas and the brilliant skill with which they have been presented,,1859-10-18,"Paris, France",France,
269,Ferdinand Buisson,male,1927,peace,for their contribution to the emergence in France and Germany of a public opinion which favours peaceful international cooperation,,1841-12-20,"Paris, France",France,
608,Ludwig Quidde,male,1927,peace,for their contribution to the emergence in France and Germany of a public opinion which favours peaceful international cooperation,,1858-03-23,"Bremen, Germany",Germany,
716,Owen Willans Richardson,male,1928,physics,for his work on the thermionic phenomenon and especially for the discovery of the law named after him,London University,1879-04-26,"Dewsbury, United Kingdom",United Kingdom,
13,Adolf Otto Reinhold Windaus,male,1928,chemistry,for the services rendered through his research into the constitution of the sterols and their connection with the vitamins,Goettingen University,1876-12-25,"Berlin, Germany",Germany,
144,Charles Jules Henri Nicolle,male,1928,medicine,for his work on typhus,Institut Pasteur,1866-09-21,"Rouen, France",France,
874,Sigrid Undset,female,1928,literature,principally for her powerful descriptions of Northern life during the Middle Ages,,1882-05-20,"Kalundborg, Denmark",Denmark,
602,Prince Louis-Victor Pierre Raymond de Broglie,male,1929,physics,for his discovery of the wave nature of electrons,"Sorbonne University, Institut Henri Poincaré",1892-08-15,"Dieppe, France",France,
81,Arthur Harden,male,1929,chemistry,for their investigations on the fermentation of sugar and fermentative enzymes,London University,1865-10-12,"Manchester, United Kingdom",United Kingdom,
374,Hans Karl August Simon von Euler-Chelpin,male,1929,chemistry,for their investigations on the fermentation of sugar and fermentative enzymes,Stockholm University,1873-02-15,"Augsburg, Germany",Germany,
147,Christiaan Eijkman,male,1929,medicine,for his discovery of the antineuritic vitamin,Utrecht University,1858-08-11,"Nijkerk, the Netherlands",the Netherlands,
888,Sir Frederick Gowland Hopkins,male,1929,medicine,for his discovery of the growth-stimulating vitamins,University of Cambridge,1861-06-20,"Eastbourne, United Kingdom",United Kingdom,
940,Thomas Mann,male,1929,literature,"principally for his great novel, <I>Buddenbrooks</I>, which has won steadily increased recognition as one of the classic works of contemporary literature",,1875-06-06,"Lübeck, Germany",Germany,
281,Frank Billings Kellogg,male,1929,peace,for his crucial role in bringing about the Briand-Kellogg Pact,,1856-12-22,"Potsdam, NY, USA",USA,
884,Sir Chandrasekhara Venkata Raman,male,1930,physics,for his work on the scattering of light and for the discovery of the effect named after him,Calcutta University,1888-11-07,"Tiruchirappalli, India",India,
370,Hans Fischer,male,1930,chemistry,for his researches into the constitution of haemin and chlorophyll and especially for his synthesis of haemin,Technische Hochschule (Institute of Technology),1881-07-27,"Hoechst, Germany",Germany,
550,Karl Landsteiner,male,1930,medicine,for his discovery of human blood groups,Rockefeller Institute for Medical Research,1868-06-14,"Vienna, Austrian Empire (now Austria)",Austrian Empire,
879,Sinclair Lewis,male,1930,literature,"for his vigorous and graphic art of description and his ability to create, with wit and humour, new types of characters",,1885-02-07,"Sauk Centre, MN, USA",USA,
678,Lars Olof Jonathan (Nathan) Söderblom,male,1930,peace,for promoting Christian unity and helping create 'that new attitude of mind which is necessary if peace between nations is to become reality',,1866-01-15,"Trönö, Sweden",Sweden,
122,Carl Bosch,male,1931,chemistry,in recognition of their contributions to the invention and development of chemical high pressure methods,University of Heidelberg,1874-08-27,"Cologne, Germany",Germany,
296,Friedrich Bergius,male,1931,chemistry,in recognition of their contributions to the invention and development of chemical high pressure methods,University of Heidelberg,1884-10-11,"Goldschmieden, near Breslau, Germany (now Poland)",Germany,
714,Otto Heinrich Warburg,male,1931,medicine,for his discovery of the nature and mode of action of the respiratory enzyme,Kaiser-Wilhelm-Institut (now Max-Planck-Institut) für Biologie,1883-10-08,"Freiburg im Breisgau, Germany",Germany,
245,Erik Axel Karlfeldt,male,1931,literature,The poetry of Erik Axel Karlfeldt,,1864-07-20,"Karlbo, Sweden",Sweden,
470,Jane Addams,female,1931,peace,for their assiduous effort to revive the ideal of peace and to rekindle the spirit of peace in their own nation and in the whole of mankind,,1860-09-06,"Cedarville, IL, USA",USA,
682,Nicholas Murray Butler,male,1931,peace,for their assiduous effort to revive the ideal of peace and to rekindle the spirit of peace in their own nation and in the whole of mankind,Columbia University,1862-04-02,"Elizabeth, NJ, USA",USA,
980,Werner Karl Heisenberg,male,1932,physics,"for the creation of quantum mechanics, the application of which has, inter alia, led to the discovery of the allotropic forms of hydrogen",Leipzig University,1901-12-05,"Würzburg, Germany",Germany,
431,Irving Langmuir,male,1932,chemistry,for his discoveries and investigations in surface chemistry,General Electric Company,1881-01-31,"Brooklyn, NY, USA",USA,
209,Edgar Douglas Adrian,male,1932,medicine,for their discoveries regarding the functions of neurons,University of Cambridge,1889-11-30,"London, United Kingdom",United Kingdom,
885,Sir Charles Scott Sherrington,male,1932,medicine,for their discoveries regarding the functions of neurons,University of Oxford,1857-11-27,"London, United Kingdom",United Kingdom,
509,John Galsworthy,male,1932,literature,for his distinguished art of narration which takes its highest form in <I>The Forsyte Saga</I>,,1867-08-14,"Kingston Hill, United Kingdom",United Kingdom,
255,Erwin Schrödinger,male,1933,physics,for the discovery of new productive forms of atomic theory,Berlin University,1887-08-12,"Vienna, Austria",Austria,
723,Paul Adrien Maurice Dirac,male,1933,physics,for the discovery of new productive forms of atomic theory,University of Cambridge,1902-08-08,"Bristol, United Kingdom",United Kingdom,
937,Thomas Hunt Morgan,male,1933,medicine,for his discoveries concerning the role played by the chromosome in heredity,California Institute of Technology (Caltech),1866-09-25,"Lexington, KY, USA",USA,
436,Ivan Alekseyevich Bunin,male,1933,literature,for the strict artistry with which he has carried on the classical Russian traditions in prose writing,,1870-10-22,"Voronezh, Russia",Russia,
899,Sir Norman Angell (Ralph Lane),male,1933,peace,for having exposed by his pen the illusion of war and presented a convincing plea for international cooperation and peace,,1872-12-26,"Holbeach, United Kingdom",United Kingdom,
376,Harold Clayton Urey,male,1934,chemistry,for his discovery of heavy hydrogen,Columbia University,1893-04-29,"Walkerton, IN, USA",USA,
324,George Hoyt Whipple,male,1934,medicine,for their discoveries concerning liver therapy in cases of anaemia,University of Rochester,1878-08-28,"Ashland, NH, USA",USA,
329,George Richards Minot,male,1934,medicine,for their discoveries concerning liver therapy in cases of anaemia,Harvard University,1885-12-02,"Boston, MA, USA",USA,
1003,William Parry Murphy,male,1934,medicine,for their discoveries concerning liver therapy in cases of anaemia,Harvard University,1892-02-06,"Stoughton, WI, USA",USA,
609,Luigi Pirandello,male,1934,literature,for his bold and ingenious revival of dramatic and scenic art,,1867-06-28,"Agrigento, Sicily, Italy",Italy,
82,Arthur Henderson,male,1934,peace,for his untiring struggle and his courageous efforts as Chairman of the League of Nations Disarmament Conference 1931-34,,1863-09-13,"Glasgow, Scotland",Scotland,
457,James Chadwick,male,1935,physics,for the discovery of the neutron,Liverpool University,1891-10-20,"Manchester, United Kingdom",United Kingdom,
285,Frédéric Joliot,male,1935,chemistry,in recognition of their synthesis of new radioactive elements,Institut du Radium,1900-03-19,"Paris, France",France,
430,Irène Joliot-Curie,female,1935,chemistry,in recognition of their synthesis of new radioactive elements,Institut du Radium,1897-09-12,"Paris, France",France,
373,Hans Spemann,male,1935,medicine,for his discovery of the organizer effect in embryonic development,University of Freiburg im Breisgau,1869-06-27,"Stuttgart, Württemberg (now Germany)",Württemberg,
126,Carl von Ossietzky,male,1935,peace,for his burning love for freedom of thought and expression and his valuable contribution to the cause of peace,,1889-10-03,"Hamburg, Germany",Germany,
124,Carl David Anderson,male,1936,physics,for his discovery of the positron,California Institute of Technology (Caltech),1905-09-03,"New York, NY, USA",USA,
964,Victor Franz Hess,male,1936,physics,for his discovery of cosmic radiation,Innsbruck University,1883-06-24,"Peggau, Austria",Austria,
747,Petrus (Peter) Josephus Wilhelmus Debye,male,1936,chemistry,for his contributions to our knowledge of molecular structure through his investigations on dipole moments and on the diffraction of X-rays and electrons in gases,Berlin University,1884-03-24,"Maastricht, the Netherlands",the Netherlands,
710,Otto Loewi,male,1936,medicine,for their discoveries relating to chemical transmission of nerve impulses,Graz University,1873-06-03,"Frankfurt-on-the-Main, Germany",Germany,
891,Sir Henry Hallett Dale,male,1936,medicine,for their discoveries relating to chemical transmission of nerve impulses,National Institute for Medical Research,1875-06-09,"London, United Kingdom",United Kingdom,
258,Eugene Gladstone O'Neill,male,1936,literature,"for the power, honesty and deep-felt emotions of his dramatic works, which embody an original concept of tragedy",,1888-10-16,"New York, NY, USA",USA,
130,Carlos Saavedra Lamas,male,1936,peace,"for his role as father of the Argentine Antiwar Pact of 1933, which he also used as a means to mediate peace between Paraguay and Bolivia in 1935",,1878-11-01,"Buenos Aires, Argentina",Argentina,
158,Clinton Joseph Davisson,male,1937,physics,for their experimental discovery of the diffraction of electrons by crystals,Bell Telephone Laboratories,1881-10-22,"Bloomington, IL, USA",USA,
327,George Paget Thomson,male,1937,physics,for their experimental discovery of the diffraction of electrons by crystals,London University,1892-05-03,"Cambridge, United Kingdom",United Kingdom,
693,Walter Norman Haworth,male,1937,chemistry,for his investigations on carbohydrates and vitamin C,Birmingham University,1883-03-19,"Chorley, United Kingdom",United Kingdom,
733,Paul Karrer,male,1937,chemistry,"for his investigations on carotenoids, flavins and vitamins A and B2",University of Zurich,1889-04-21,"Moscow, Russia",Russia,
31,Albert von Szent-Györgyi Nagyrápolt,male,1937,medicine,"for his discoveries in connection with the biological combustion processes, with special reference to vitamin C and the catalysis of fumaric acid",Szeged University,1893-09-16,"Budapest, Austria-Hungary (now Hungary)",Austria-Hungary,
834,Roger Martin du Gard,male,1937,literature,for the artistic power and truth with which he has depicted human conflict as well as some fundamental aspects of contemporary life in his novel-cycle <I>Les Thibault</I>,,1881-03-23,"Neuilly-sur-Seine, France",France,
809,"Edgar Algernon Robert Gascoyne-Cecil, 1st Viscount Cecil of Chelwood",male,1937,peace,"for his tireless effort in support of the League of Nations, disarmament and peace",,1864-09-14,"London, United Kingdom",United Kingdom,
239,Enrico Fermi,male,1938,physics,"for his demonstrations of the existence of new radioactive elements produced by neutron irradiation, and for his related discovery of nuclear reactions brought about by slow neutrons",Rome University,1901-09-29,"Rome, Italy",Italy,
790,Richard Kuhn,male,1938,chemistry,for his work on carotenoids and vitamins,Kaiser-Wilhelm-Institut (now Max-Planck Institut) für Medizinische Forschung,1900-12-03,"Vienna, Austria-Hungary (now Austria)",Austria-Hungary,
161,Corneille Jean François Heymans,male,1938,medicine,for the discovery of the role played by the sinus and aortic mechanisms in the regulation of respiration,Ghent University,1892-03-28,"Ghent, Belgium",Belgium,
741,Pearl Buck,female,1938,literature,for her rich and truly epic descriptions of peasant life in China and for her biographical masterpieces,,1892-06-26,"Hillsboro, WV, USA",USA,
676,Nansen International Office for Refugees,org,1938,peace,for having carried on the work of Fridtjof Nansen to the benefit of refugees across Europe,,,,,
247,Ernest Orlando Lawrence,male,1939,physics,"for the invention and development of the cyclotron and for results obtained with it, especially with regard to artificial radioactive elements",University of California,1901-08-08,"Canton, SD, USA",USA,
11,Adolf Friedrich Johann Butenandt,male,1939,chemistry,for his work on sex hormones,Kaiser-Wilhelm-Institut (now Max-Planck-Institut) für Biochemie,1903-03-24,"Bremerhaven-Lehe, Germany",Germany,
589,Leopold Ruzicka,male,1939,chemistry,for his work on polymethylenes and higher terpenes,Eidgenössische Technische Hochschule (Swiss Federal Institute of Technology),1887-09-13,"Vukovar, Austria-Hungary (now Croatia)",Austria-Hungary,
339,Gerhard Domagk,male,1939,medicine,for the discovery of the antibacterial effects of prontosil,Munster University,1895-10-30,"Lagow, Germany (now Poland)",Germany,
283,Frans Eemil Sillanpää,male,1939,literature,for his deep understanding of his country's peasantry and the exquisite art with which he has portrayed their way of life and their relationship with Nature,,1888-09-16,"Hämeenkyrö, Russian Empire (now Finland)",Russian Empire,
712,Otto Stern,male,1943,physics,for his contribution to the development of the molecular ray method and his discovery of the magnetic moment of the proton,Carnegie Institute of Technology,1888-02-17,"Sorau, Germany (now Zory, Poland)",Germany,
319,George de Hevesy,male,1943,chemistry,for his work on the use of isotopes as tracers in the study of chemical processes,Stockholm University,1885-08-01,"Budapest, Austria-Hungary (now Hungary)",Austria-Hungary,
214,Edward Adelbert Doisy,male,1943,medicine,for his discovery of the chemical nature of vitamin K,Saint Louis University,1893-11-13,"Hume, IL, USA",USA,
392,Henrik Carl Peter Dam,male,1943,medicine,for his discovery of vitamin K,Polytechnic Institute,1895-02-21,"Copenhagen, Denmark",Denmark,
435,Isidor Isaac Rabi,male,1944,physics,for his resonance method for recording the magnetic properties of atomic nuclei,Columbia University,1898-07-29,"Rymanow, Austria-Hungary (now Poland)",Austria-Hungary,
709,Otto Hahn,male,1944,chemistry,for his discovery of the fission of heavy nuclei,Kaiser-Wilhelm-Institut (now Max-Planck Institut) für Chemie,1879-03-08,"Frankfurt-on-the-Main, Germany",Germany,
402,Herbert Spencer Gasser,male,1944,medicine,for their discoveries relating to the highly differentiated functions of single nerve fibres,Rockefeller Institute for Medical Research,1888-07-05,"Platteville, WI, USA",USA,
531,Joseph Erlanger,male,1944,medicine,for their discoveries relating to the highly differentiated functions of single nerve fibres,Washington University,1874-01-05,"San Francisco, CA, USA",USA,
492,Johannes Vilhelm Jensen,male,1944,literature,"for the rare strength and fertility of his poetic imagination with which is combined an intellectual curiosity of wide scope and a bold, freshly creative style",,1873-01-20,"Farsø, Denmark",Denmark,
426,International Committee of the Red Cross,org,1944,peace,for the great work it has performed during the war on behalf of humanity,,,,,
1013,Wolfgang Pauli,male,1945,physics,"for the discovery of the Exclusion Principle, also called the Pauli Principle",Princeton University,1900-04-25,"Vienna, Austria",Austria,
85,Artturi Ilmari Virtanen,male,1945,chemistry,"for his research and inventions in agricultural and nutrition chemistry, especially for his fodder preservation method",University of Helsinki,1895-01-15,"Helsinki, Russian Empire (now Finland)",Russian Empire,
251,Ernst Boris Chain,male,1945,medicine,for the discovery of penicillin and its curative effect in various infectious diseases,University of Oxford,1906-06-19,"Berlin, Germany",Germany,
880,Sir Alexander Fleming,male,1945,medicine,for the discovery of penicillin and its curative effect in various infectious diseases,London University,1881-08-06,"Lochfield, Scotland",Scotland,
892,Sir Howard Walter Florey,male,1945,medicine,for the discovery of penicillin and its curative effect in various infectious diseases,University of Oxford,1898-09-24,"Adelaide, Australia",Australia,
305,Gabriela Mistral,female,1945,literature,"for her lyric poetry which, inspired by powerful emotions, has made her name a symbol of the idealistic aspirations of the entire Latin American world",,1889-04-07,"Vicuña, Chile",Chile,
160,Cordell Hull,male,1945,peace,for his indefatigable work for international understanding and his pivotal role in establishing the United Nations,,1871-10-02,"Olympus, TN, USA",USA,
742,Percy Williams Bridgman,male,1946,physics,"for the invention of an apparatus to produce extremely high pressures, and for the discoveries he made therewith in the field of high pressure physics",Harvard University,1882-04-21,"Cambridge, MA, USA",USA,
456,James Batcheller Sumner,male,1946,chemistry,for his discovery that enzymes can be crystallized,Cornell University,1887-11-19,"Canton, MA, USA",USA,
510,John Howard Northrop,male,1946,chemistry,for their preparation of enzymes and virus proteins in a pure form,Rockefeller Institute for Medical Research,1891-07-05,"Yonkers, NY, USA",USA,
977,Wendell Meredith Stanley,male,1946,chemistry,for their preparation of enzymes and virus proteins in a pure form,Rockefeller Institute for Medical Research,1904-08-16,"Ridgeville, IN, USA",USA,
405,Hermann Joseph Muller,male,1946,medicine,for the discovery of the production of mutations by means of X-ray irradiation,Indiana University,1890-12-21,"New York, NY, USA",USA,
404,Hermann Hesse,male,1946,literature,"for his inspired writings which, while growing in boldness and penetration, exemplify the classical humanitarian ideals and high qualities of style",,1877-07-02,"Calw, Germany",Germany,
237,Emily Greene Balch,female,1946,peace,for her lifelong work for the cause of peace,,1867-01-08,"Jamaica Plain, MA (now Boston, MA), USA",USA,
521,John Raleigh Mott,male,1946,peace,for his contribution to the creation of a peace-promoting religious brotherhood across national boundaries,,1865-05-25,"Livingston Manor, NY, USA",USA,
219,Sir Edward Victor Appleton,male,1947,physics,for his investigations of the physics of the upper atmosphere especially for the discovery of the so-called Appleton layer,Department of Scientific and Industrial Research,1892-09-06,"Bradford, United Kingdom",United Kingdom,
903,Sir Robert Robinson,male,1947,chemistry,"for his investigations on plant products of biological importance, especially the alkaloids",University of Oxford,1886-09-13,"Rufford, near Chesterfield, United Kingdom",United Kingdom,
104,Bernardo Alberto Houssay,male,1947,medicine,for his discovery of the part played by the hormone of the anterior pituitary lobe in the metabolism of sugar,Instituto de Biologia y Medicina Experimental (Institute for Biology and Experimental Medicine),1887-04-10,"Buenos Aires, Argentina",Argentina,
123,Carl Ferdinand Cori,male,1947,medicine,for their discovery of the course of the catalytic conversion of glycogen,Washington University,1896-12-05,"Prague, Austria-Hungary (now Czech Republic)",Austria-Hungary,
344,"Gerty Theresa Cori, née Radnitz",female,1947,medicine,for their discovery of the course of the catalytic conversion of glycogen,Washington University,1896-08-15,"Prague, Austria-Hungary (now Czech Republic)",Austria-Hungary,
57,André Paul Guillaume Gide,male,1947,literature,"for his comprehensive and artistically significant writings, in which human problems and conditions have been presented with a fearless love of truth and keen psychological insight",,1869-11-22,"Paris, France",France,
52,American Friends Service Committee,org,1947,peace,"for their pioneering work in the international peace movement and compassionate effort to relieve human suffering, thereby promoting the fraternity between nations",,,,,
298,Friends Service Council,org,1947,peace,"for their pioneering work in the international peace movement and compassionate effort to relieve human suffering, thereby promoting the fraternity between nations",,,,,
719,Patrick Maynard Stuart Blackett,male,1948,physics,"for his development of the Wilson cloud chamber method, and his discoveries therewith in the fields of nuclear physics and cosmic radiation",Victoria University,1897-11-18,"London, United Kingdom",United Kingdom,
76,Arne Wilhelm Kaurin Tiselius,male,1948,chemistry,"for his research on electrophoresis and adsorption analysis, especially for his discoveries concerning the complex nature of the serum proteins",Uppsala University,1902-08-10,"Stockholm, Sweden",Sweden,
737,Paul Hermann Müller,male,1948,medicine,for his discovery of the high efficiency of DDT as a contact poison against several arthropods,Laboratorium der Farben-Fabriken J.R. Geigy A.G. (Laboratory of the J.R. Geigy Dye-Factory Co.),1899-01-12,"Olten, Switzerland",Switzerland,
921,Thomas Stearns Eliot,male,1948,literature,"for his outstanding, pioneer contribution to present-day poetry",,1888-09-26,"St. Louis, MO, USA",USA,
409,Hideki Yukawa,male,1949,physics,for his prediction of the existence of mesons on the basis of theoretical work on nuclear forces,Columbia University,1907-01-23,"Tokyo, Japan",Japan,
995,William Francis Giauque,male,1949,chemistry,"for his contributions in the field of chemical thermodynamics, particularly concerning the behaviour of substances at extremely low temperatures",University of California,1895-05-12,"Niagara Falls, Canada",Canada,
222,António Caetano de Abreu Freire Egas Moniz,male,1949,medicine,for his discovery of the therapeutic value of leucotomy in certain psychoses,University of Lisbon,1874-11-29,"Avanca, Portugal",Portugal,
971,Walter Rudolf Hess,male,1949,medicine,for his discovery of the functional organization of the interbrain as a coordinator of the activities of the internal organs,University of Zurich,1881-03-17,"Frauenfeld, Switzerland",Switzerland,
997,William Faulkner,male,1949,literature,for his powerful and artistically unique contribution to the modern American novel,,1897-09-25,"New Albany, MS, USA",USA,
598,"John Boyd Orr, Baron Boyd-Orr of Brechin Mearn",male,1949,peace,"for his lifelong effort to conquer hunger and want, thereby helping to remove a major cause of military conflict and war",,1880-09-23,"Kilmaurs, Scotland",Scotland,
133,Cecil Frank Powell,male,1950,physics,for his development of the photographic method of studying nuclear processes and his discoveries regarding mesons made with this method,Bristol University,1903-12-05,"Tonbridge, United Kingdom",United Kingdom,
572,Kurt Alder,male,1950,chemistry,for their discovery and development of the diene synthesis,Cologne University,1902-07-10,"Königshütte, Prussia (now Chorzów, Poland)",Prussia,
708,Otto Paul Hermann Diels,male,1950,chemistry,for their discovery and development of the diene synthesis,Kiel University,1876-01-23,"Hamburg, Germany",Germany,
216,Edward Calvin Kendall,male,1950,medicine,"for their discoveries relating to the hormones of the adrenal cortex, their structure and biological effects",Mayo Clinic,1886-03-08,"South Norwalk, CT, USA",USA,
757,Philip Showalter Hench,male,1950,medicine,"for their discoveries relating to the hormones of the adrenal cortex, their structure and biological effects",Mayo Clinic,1896-02-28,"Pittsburgh, PA, USA",USA,
922,Tadeus Reichstein,male,1950,medicine,"for their discoveries relating to the hormones of the adrenal cortex, their structure and biological effects",Basel University,1897-07-20,"Wloclawek, Poland",Poland,
109,Earl (Bertrand Arthur William) Russell,male,1950,literature,in recognition of his varied and significant writings in which he champions humanitarian ideals and freedom of thought,,1872-05-18,"Trelleck, United Kingdom",United Kingdom,
773,Ralph Bunche,male,1950,peace,for his work as mediator in Palestine in 1948-1949,Harvard University,1904-08-07,"Detroit, MI, USA",USA,
249,Ernest Thomas Sinton Walton,male,1951,physics,for their pioneer work on the transmutation of atomic nuclei by artificially accelerated atomic particles,Trinity College,1903-10-06,"Dungarvan, Ireland",Ireland,
503,Sir John Douglas Cockcroft,male,1951,physics,for their pioneer work on the transmutation of atomic nuclei by artificially accelerated atomic particles,Atomic Energy Research Establishment,1897-05-27,"Todmorden, United Kingdom",United Kingdom,
221,Edwin Mattison McMillan,male,1951,chemistry,for their discoveries in the chemistry of the transuranium elements,University of California,1907-09-18,"Redondo Beach, CA, USA",USA,
349,Glenn Theodore Seaborg,male,1951,chemistry,for their discoveries in the chemistry of the transuranium elements,University of California,1912-04-19,"Ishpeming, MI, USA",USA,
644,Max Theiler,male,1951,medicine,for his discoveries concerning yellow fever and how to combat it,"Laboratories of the Division of Medicine and Public Health, Rockefeller Foundation",1899-01-30,"Pretoria, South Africa",South Africa,
718,Pär Fabian Lagerkvist,male,1951,literature,for the artistic vigour and true independence of mind with which he endeavours in his poetry to find answers to the eternal questions confronting mankind,,1891-05-23,"Växjö, Sweden",Sweden,
584,Léon Jouhaux,male,1951,peace,for having devoted his life to the fight against war through the promotion of social justice and brotherhood among men and nations,,1879-07-01,"Paris, France",France,
207,Edward Mills Purcell,male,1952,physics,for their development of new methods for nuclear magnetic precision measurements and discoveries in connection therewith,Harvard University,1912-08-30,"Taylorville, IL, USA",USA,
266,Felix Bloch,male,1952,physics,for their development of new methods for nuclear magnetic precision measurements and discoveries in connection therewith,Stanford University,1905-10-23,"Zurich, Switzerland",Switzerland,
71,Archer John Porter Martin,male,1952,chemistry,for their invention of partition chromatography,National Institute for Medical Research,1910-03-01,"London, United Kingdom",United Kingdom,
791,Richard Laurence Millington Synge,male,1952,chemistry,for their invention of partition chromatography,Rowett Research Institute,1914-10-28,"Liverpool, United Kingdom",United Kingdom,
863,Selman Abraham Waksman,male,1952,medicine,"for his discovery of streptomycin, the first antibiotic effective against tuberculosis",Rutgers University,1888-07-22,"Priluka, Russian Empire (now Nova Pryluka, Ukraine)",Russian Empire,
279,François Mauriac,male,1952,literature,for the deep spiritual insight and the artistic intensity with which he has in his novels penetrated the drama of human life,,1885-10-11,"Bordeaux, France",France,
30,Albert Schweitzer,male,1952,peace,"for his altruism, reverence for life, and tireless humanitarian work which has helped making the idea of brotherhood between men and nations a living one",,1875-01-14,"Kaysersberg, Germany (now France)",Germany,
299,Frits Zernike,male,1953,physics,"for his demonstration of the phase contrast method, especially for his invention of the phase contrast microscope",Groningen University,1888-07-16,"Amsterdam, the Netherlands",the Netherlands,
406,Hermann Staudinger,male,1953,chemistry,for his discoveries in the field of macromolecular chemistry,University of Freiburg,1881-03-23,"Worms, Germany",Germany,
301,Fritz Albert Lipmann,male,1953,medicine,for his discovery of co-enzyme A and its importance for intermediary metabolism,Harvard Medical School,1899-06-12,"Koenigsberg, Germany (now Kaliningrad, Russia)",Germany,
372,Hans Adolf Krebs,male,1953,medicine,for his discovery of the citric acid cycle,Sheffield University,1900-08-25,"Hildesheim, Germany",Germany,
1007,Sir Winston Leonard Spencer Churchill,male,1953,literature,for his mastery of historical and biographical description as well as for brilliant oratory in defending exalted human values,,1874-11-30,"Woodstock, United Kingdom",United Kingdom,
317,George Catlett Marshall,male,1953,peace,for proposing and supervising the plan for the economic recovery of Europe,,1880-12-31,"Uniontown, PA, USA",USA,
640,Max Born,male,1954,physics,"for his fundamental research in quantum mechanics, especially for his statistical interpretation of the wavefunction",Edinburgh University,1882-12-11,"Breslau, Germany (now Wroclaw, Poland)",Germany,
973,Walther Bothe,male,1954,physics,for the coincidence method and his discoveries made therewith,University of Heidelberg,1891-01-08,"Oranienburg, Germany",Germany,
594,Linus Carl Pauling,male,1954,chemistry,for his research into the nature of the chemical bond and its application to the elucidation of the structure of complex substances,California Institute of Technology (Caltech),1901-02-28,"Portland, OR, USA",USA,
288,Frederick Chapman Robbins,male,1954,medicine,for their discovery of the ability of poliomyelitis viruses to grow in cultures of various types of tissue,Western Reserve University,1916-08-25,"Auburn, AL, USA",USA,
507,John Franklin Enders,male,1954,medicine,for their discovery of the ability of poliomyelitis viruses to grow in cultures of various types of tissue,Harvard Medical School,1897-02-10,"West Hartford, CT, USA",USA,
938,Thomas Huckle Weller,male,1954,medicine,for their discovery of the ability of poliomyelitis viruses to grow in cultures of various types of tissue,"Research Division of Infectious Diseases, Children's Medical Center",1915-06-15,"Ann Arbor, MI, USA",USA,
246,Ernest Miller Hemingway,male,1954,literature,"for his mastery of the art of narrative, most recently demonstrated in <I>The Old Man and the Sea,</I> and for the influence that he has exerted on contemporary style",,1899-07-21,"Oak Park, IL, USA",USA,
697,Office of the United Nations High Commissioner for Refugees,org,1954,peace,for its efforts to heal the wounds of war by providing help and protection to refugees all over the world,,,,,
766,Polykarp Kusch,male,1955,physics,for his precision determination of the magnetic moment of the electron,Columbia University,1911-01-26,"Blankenburg, Germany",Germany,
1005,Willis Eugene Lamb,male,1955,physics,for his discoveries concerning the fine structure of the hydrogen spectrum,Stanford University,1913-07-12,"Los Angeles, CA, USA",USA,
966,Vincent du Vigneaud,male,1955,chemistry,"for his work on biochemically important sulphur compounds, especially for the first synthesis of a polypeptide hormone",Cornell University,1901-05-18,"Chicago, IL, USA",USA,
414,Axel Hugo Theodor Theorell,male,1955,medicine,for his discoveries concerning the nature and mode of action of oxidation enzymes,"Karolinska Institutet, Nobel Medical Institute",1903-07-06,"Linköping, Sweden",Sweden,
365,Halldór Kiljan Laxness,male,1955,literature,for his vivid epic power which has renewed the great narrative art of Iceland,,1902-04-23,"Reykjavik, Iceland",Iceland,
495,John Bardeen,male,1956,physics,for their researches on semiconductors and their discovery of the transistor effect,University of Illinois,1908-05-23,"Madison, WI, USA",USA,
970,Walter Houser Brattain,male,1956,physics,for their researches on semiconductors and their discovery of the transistor effect,Bell Telephone Laboratories,1902-02-10,"Amoy, China",China,
988,William Bradford Shockley,male,1956,physics,for their researches on semiconductors and their discovery of the transistor effect,"Semiconductor Laboratory of Beckman Instruments, Inc.",1910-02-13,"London, United Kingdom",United Kingdom,
690,Nikolay Nikolaevich Semenov,male,1956,chemistry,for their researches into the mechanism of chemical reactions,Institute for Chemical Physics of the Academy of Sciences of the USSR,1896-04-03,"Saratov, Russia",Russia,
886,Sir Cyril Norman Hinshelwood,male,1956,chemistry,for their researches into the mechanism of chemical reactions,University of Oxford,1897-05-19,"London, United Kingdom",United Kingdom,
55,André Frédéric Cournand,male,1956,medicine,for their discoveries concerning heart catheterization and pathological changes in the circulatory system,"Columbia University Division, Cardio-Pulmonary Laboratory, Bellevue Hospital",1895-09-24,"Paris, France",France,
192,Dickinson W. Richards,male,1956,medicine,for their discoveries concerning heart catheterization and pathological changes in the circulatory system,Columbia University,1895-10-30,"Orange, NJ, USA",USA,
979,Werner Forssmann,male,1956,medicine,for their discoveries concerning heart catheterization and pathological changes in the circulatory system,Mainz University,1904-08-29,"Berlin, Germany",Germany,
538,Juan Ramón Jiménez,male,1956,literature,"for his lyrical poetry, which in Spanish language constitutes an example of high spirit and artistical purity",,1881-12-24,"Moguer, Spain",Spain,
146,Chen Ning Yang,male,1957,physics,for their penetrating investigation of the so-called parity laws which has led to important discoveries regarding the elementary particles,Institute for Advanced Study,1922-09-22,"Hofei, Anhwei, China",China,
951,Tsung-Dao (T.D.) Lee,male,1957,physics,for their penetrating investigation of the so-called parity laws which has led to important discoveries regarding the elementary particles,Columbia University,1926-11-24,"Shanghai, China",China,
600,Lord (Alexander R.) Todd,male,1957,chemistry,for his work on nucleotides and nucleotide co-enzymes,University of Cambridge,1907-10-02,"Glasgow, Scotland",Scotland,
168,Daniel Bovet,male,1957,medicine,"for his discoveries relating to synthetic compounds that inhibit the action of certain body substances, and especially their action on the vascular system and the skeletal muscles",Istituto Superiore di Sanità (Chief Institute of Public Health),1907-03-23,"Neuchâtel, Switzerland",Switzerland,
24,Albert Camus,male,1957,literature,"for his important literary production, which with clear-sighted earnestness illuminates the problems of the human conscience in our times",,1913-11-07,"Mondovi, French Algeria (now Algeria)",French Algeria,
590,Lester Bowles Pearson,male,1957,peace,for his crucial contribution to the deployment of a United Nations Emergency Force in the wake of the Suez Crisis,,1897-04-23,"Toronto, Canada",Canada,
415,Igor Yevgenyevich Tamm,male,1958,physics,for the discovery and the interpretation of the Cherenkov effect,Lomonosov Moscow State University,1895-07-08,"Vladivostok, Russia",Russia,
416,Il´ja Mikhailovich Frank,male,1958,physics,for the discovery and the interpretation of the Cherenkov effect,Lomonosov Moscow State University,1908-10-23,"Leningrad (now St. Petersburg), Russia",Russia,
740,Pavel Alekseyevich Cherenkov,male,1958,physics,for the discovery and the interpretation of the Cherenkov effect,P.N. Lebedev Physical Institute,1904-07-28,"Novaya Chigla, Russia",Russia,
291,Frederick Sanger,male,1958,chemistry,"for his work on the structure of proteins, especially that of insulin",University of Cambridge,1918-08-13,"Rendcombe, United Kingdom",United Kingdom,
218,Edward Lawrie Tatum,male,1958,medicine,for their discovery that genes act by regulating definite chemical events,Rockefeller Institute for Medical Research,1909-12-14,"Boulder, CO, USA",USA,
315,George Wells Beadle,male,1958,medicine,for their discovery that genes act by regulating definite chemical events,California Institute of Technology (Caltech),1903-10-22,"Wahoo, NE, USA",USA,
536,Joshua Lederberg,male,1958,medicine,for his discoveries concerning genetic recombination and the organization of the genetic material of bacteria,University of Wisconsin,1925-05-23,"Montclair, NJ, USA",USA,
333,Georges Pire,male,1958,peace,for his efforts to help refugees to leave their camps and return to a life of freedom and dignity,,1910-02-10,"Dinant, Belgium",Belgium,
236,Emilio Gino Segrè,male,1959,physics,for their discovery of the antiproton,University of California,1905-02-01,"Tivoli, Italy",Italy,
715,Owen Chamberlain,male,1959,physics,for their discovery of the antiproton,University of California,1920-07-10,"San Francisco, CA, USA",USA,
471,Jaroslav Heyrovsky,male,1959,chemistry,for his discovery and development of the polarographic methods of analysis,Polarographic Institute of the Czechoslovak Academy of Science,1890-12-20,"Prague, Austria-Hungary (now Czech Republic)",Austria-Hungary,
83,Arthur Kornberg,male,1959,medicine,for their discovery of the mechanisms in the biological synthesis of ribonucleic acid and deoxyribonucleic acid,Stanford University,1918-03-03,"Brooklyn, NY, USA",USA,
865,Severo Ochoa,male,1959,medicine,for their discovery of the mechanisms in the biological synthesis of ribonucleic acid and deoxyribonucleic acid,"New York University, College of Medicine",1905-09-24,"Luarca, Spain",Spain,
853,Salvatore Quasimodo,male,1959,literature,"for his lyrical poetry, which with classical fire expresses the tragic experience of life in our own times",,1901-08-20,"Modica, Italy",Italy,
756,Philip J. Noel-Baker,male,1959,peace,for his longstanding contribution to the cause of disarmament and peace,,1889-11-01,"London, United Kingdom",United Kingdom,
196,Donald Arthur Glaser,male,1960,physics,for the invention of the bubble chamber,University of California,1926-09-21,"Cleveland, OH, USA",USA,
984,Willard Frank Libby,male,1960,chemistry,"for his method to use carbon-14 for age determination in archaeology, geology, geophysics, and other branches of science",University of California,1908-12-17,"Grand Valley, CO, USA",USA,
752,Peter Brian Medawar,male,1960,medicine,for discovery of acquired immunological tolerance,University College,1915-02-28,"Rio de Janeiro, Brazil",Brazil,
887,Sir Frank Macfarlane Burnet,male,1960,medicine,for discovery of acquired immunological tolerance,Walter and Eliza Hall Institute for Medical Research,1899-09-03,"Traralgon, Australia",Australia,
851,Saint-John Perse,male,1960,literature,for the soaring flight and the evocative imagery of his poetry which in a visionary fashion reflects the conditions of our time,,1887-05-31,"Pointe-à-Pitre, Guadeloupe, France","Guadeloupe, France",
29,Albert John Lutuli,male,1960,peace,for his non-violent struggle against apartheid,,1898-00-00,"Bulawayo, Southern Rhodesia (now Zimbabwe)",Southern Rhodesia,
816,Robert Hofstadter,male,1961,physics,for his pioneering studies of electron scattering in atomic nuclei and for his thereby achieved discoveries concerning the structure of the nucleons,Stanford University,1915-02-05,"New York, NY, USA",USA,
846,Rudolf Ludwig Mössbauer,male,1961,physics,for his researches concerning the resonance absorption of gamma radiation and his discovery in this connection of the effect which bears his name,Technical University,1929-01-31,"Munich, Germany",Germany,
647,Melvin Calvin,male,1961,chemistry,for his research on the carbon dioxide assimilation in plants,University of California,1911-04-08,"St. Paul, MN, USA",USA,
311,Georg von Békésy,male,1961,medicine,for his discoveries of the physical mechanism of stimulation within the cochlea,Harvard University,1899-06-03,"Budapest, Hungary",Hungary,
439,Ivo Andrić,male,1961,literature,for the epic force with which he has traced themes and depicted human destinies drawn from the history of his country,,1892-10-10,"Dolac, Bosnia (now Bosnia and Herzegovina)",Bosnia,
165,Dag Hjalmar Agne Carl Hammarskjöld,male,1961,peace,"for developing the UN into an effective and constructive international organization, capable of giving life to the principles and aims expressed in the UN Charter",,1905-07-29,"Jönköping, Sweden",Sweden,
591,Lev Davidovich Landau,male,1962,physics,"for his pioneering theories for condensed matter, especially liquid helium",Academy of Sciences,1908-01-22,"Baku, Russian Empire (now Azerbaijan)",Russian Empire,
498,John Cowdery Kendrew,male,1962,chemistry,for their studies of the structures of globular proteins,MRC Laboratory of Molecular Biology,1917-03-24,"Oxford, United Kingdom",United Kingdom,
642,Max Ferdinand Perutz,male,1962,chemistry,for their studies of the structures of globular proteins,MRC Laboratory of Molecular Biology,1914-05-19,"Vienna, Austria",Austria,
274,Francis Harry Compton Crick,male,1962,medicine,for their discoveries concerning the molecular structure of nucleic acids and its significance for information transfer in living material,MRC Laboratory of Molecular Biology,1916-06-08,"Northampton, United Kingdom",United Kingdom,
468,James Dewey Watson,male,1962,medicine,for their discoveries concerning the molecular structure of nucleic acids and its significance for information transfer in living material,Harvard University,1928-04-06,"Chicago, IL, USA",USA,
639,Maurice Hugh Frederick Wilkins,male,1962,medicine,for their discoveries concerning the molecular structure of nucleic acids and its significance for information transfer in living material,London University,1916-12-15,"Pongaroa, New Zealand",New Zealand,
523,John Steinbeck,male,1962,literature,"for his realistic and imaginative writings, combining as they do sympathetic humour and keen social perception",,1902-02-27,"Salinas, CA, USA",USA,
595,Linus Carl Pauling,male,1962,peace,for his fight against the nuclear arms race between East and West,California Institute of Technology (Caltech),1901-02-28,"Portland, OR, USA",USA,
259,Eugene Paul Wigner,male,1963,physics,"for his contributions to the theory of the atomic nucleus and the elementary particles, particularly through the discovery and application of fundamental symmetry principles",Princeton University,1902-11-17,"Budapest, Austria-Hungary (now Hungary)",Austria-Hungary,
441,J. Hans D. Jensen,male,1963,physics,for their discoveries concerning nuclear shell structure,University of Heidelberg,1907-06-25,"Hamburg, Germany",Germany,
619,Maria Goeppert Mayer,female,1963,physics,for their discoveries concerning nuclear shell structure,University of California,1906-06-28,"Kattowitz, Germany (now Katowice, Poland)",Germany,
348,Giulio Natta,male,1963,chemistry,for their discoveries in the field of the chemistry and technology of high polymers,Institute of Technology,1903-02-26,"Imperia, Italy",Italy,
552,Karl Ziegler,male,1963,chemistry,for their discoveries in the field of the chemistry and technology of high polymers,Max-Planck-Institut für Kohlenforschung,1898-11-26,"Helsa, Germany",Germany,
21,Alan Lloyd Hodgkin,male,1963,medicine,for their discoveries concerning the ionic mechanisms involved in excitation and inhibition in the peripheral and central portions of the nerve cell membrane,University of Cambridge,1914-02-05,"Banbury, United Kingdom",United Kingdom,
61,Andrew Fielding Huxley,male,1963,medicine,for their discoveries concerning the ionic mechanisms involved in excitation and inhibition in the peripheral and central portions of the nerve cell membrane,University College,1917-11-22,"Hampstead, United Kingdom",United Kingdom,
896,Sir John Carew Eccles,male,1963,medicine,for their discoveries concerning the ionic mechanisms involved in excitation and inhibition in the peripheral and central portions of the nerve cell membrane,Australian National University,1903-01-27,"Melbourne, Australia",Australia,
346,Giorgos Seferis,male,1963,literature,"for his eminent lyrical writing, inspired by a deep feeling for the Hellenic world of culture",,1900-03-13,"Smyrna, Ottoman Empire (now Izmir, Turkey)",Ottoman Empire,
427,International Committee of the Red Cross,org,1963,peace,for promoting the principles of the Geneva Convention and cooperation with the UN,,,,,
579,League of Red Cross Societies,org,1963,peace,for promoting the principles of the Geneva Convention and cooperation with the UN,,,,,
33,Aleksandr Mikhailovich Prokhorov,male,1964,physics,"for fundamental work in the field of quantum electronics, which has led to the construction of oscillators and amplifiers based on the maser-laser principle",P.N. Lebedev Physical Institute,1916-07-11,"Atherton, Australia",Australia,
140,Charles Hard Townes,male,1964,physics,"for fundamental work in the field of quantum electronics, which has led to the construction of oscillators and amplifiers based on the maser-laser principle",Massachusetts Institute of Technology (MIT),1915-07-28,"Greenville, SC, USA",USA,
684,Nicolay Gennadiyevich Basov,male,1964,physics,"for fundamental work in the field of quantum electronics, which has led to the construction of oscillators and amplifiers based on the maser-laser principle",P.N. Lebedev Physical Institute,1922-12-14,"Usman, USSR (now Russia)",USSR,
200,Dorothy Crowfoot Hodgkin,female,1964,chemistry,for her determinations by X-ray techniques of the structures of important biochemical substances,"University of Oxford, Royal Society",1910-05-12,"Cairo, Egypt",Egypt,
267,Feodor Lynen,male,1964,medicine,for their discoveries concerning the mechanism and regulation of the cholesterol and fatty acid metabolism,Max-Planck-Institut für Zellchemie,1911-04-06,"Munich, Germany",Germany,
569,Konrad Bloch,male,1964,medicine,for their discoveries concerning the mechanism and regulation of the cholesterol and fatty acid metabolism,Harvard University,1912-01-21,"Neisse, Germany (now Nysa, Poland)",Germany,
630,Martin Luther King Jr.,male,1964,peace,for his non-violent struggle for civil rights for the Afro-American population,,1929-01-15,"Atlanta, GA, USA",USA,
541,Julian Schwinger,male,1965,physics,"for their fundamental work in quantum electrodynamics, with deep-ploughing consequences for the physics of elementary particles",Harvard University,1918-02-12,"New York, NY, USA",USA,
792,Richard P. Feynman,male,1965,physics,"for their fundamental work in quantum electrodynamics, with deep-ploughing consequences for the physics of elementary particles",California Institute of Technology (Caltech),1918-05-11,"New York, NY, USA",USA,
878,Sin-Itiro Tomonaga,male,1965,physics,"for their fundamental work in quantum electrodynamics, with deep-ploughing consequences for the physics of elementary particles",Tokyo University of Education,1906-03-31,"Kyoto, Japan",Japan,
805,Robert Burns Woodward,male,1965,chemistry,for his outstanding achievements in the art of organic synthesis,Harvard University,1917-04-10,"Boston, MA, USA",USA,
58,André Lwoff,male,1965,medicine,for their discoveries concerning genetic control of enzyme and virus synthesis,Institut Pasteur,1902-05-08,"Ainay-le-Château, France",France,
278,François Jacob,male,1965,medicine,for their discoveries concerning genetic control of enzyme and virus synthesis,Institut Pasteur,1920-06-17,"Nancy, France",France,
453,Jacques Monod,male,1965,medicine,for their discoveries concerning genetic control of enzyme and virus synthesis,Institut Pasteur,1910-02-09,"Paris, France",France,
663,Mikhail Aleksandrovich Sholokhov,male,1965,literature,"for the artistic power and integrity with which, in his epic of the Don, he has given expression to a historic phase in the life of the Russian people",,1905-05-24,"Veshenskaya, Russia",Russia,
955,United Nations Children's Fund,org,1965,peace,for its effort to enhance solidarity between nations and reduce the difference between rich and poor states,,,,,
43,Alfred Kastler,male,1966,physics,for the discovery and development of optical methods for studying Hertzian resonances in atoms,École Normale Supérieure,1902-05-03,"Guebwiller, Germany (now France)",Germany,
824,Robert S. Mulliken,male,1966,chemistry,for his fundamental work concerning chemical bonds and the electronic structure of molecules by the molecular orbital method,University of Chicago,1896-06-07,"Newburyport, MA, USA",USA,
136,Charles Brenton Huggins,male,1966,medicine,for his discoveries concerning hormonal treatment of prostatic cancer,"University of Chicago, Ben May Laboratory for Cancer Research",1901-09-22,"Halifax, Nova Scotia, Canada",Canada,
754,Peyton Rous,male,1966,medicine,for his discovery of tumour-inducing viruses,Rockefeller University,1879-10-05,"Baltimore, MD, USA",USA,
680,Nelly Sachs,female,1966,literature,"for her outstanding lyrical and dramatic writing, which interprets Israel's destiny with touching strength",,1891-12-10,"Berlin, Germany",Germany,
871,Shmuel Yosef Agnon,male,1966,literature,for his profoundly characteristic narrative art with motifs from the life of the Jewish people,,1888-07-17,"Buczacz, Austria-Hungary (now Buchach, Ukraine)",Austria-Hungary,
369,Hans Albrecht Bethe,male,1967,physics,"for his contributions to the theory of nuclear reactions, especially his discoveries concerning the energy production in stars",Cornell University,1906-07-02,"Strasbourg, Germany (now France)",Germany,
328,George Porter,male,1967,chemistry,"for their studies of extremely fast chemical reactions, effected by disturbing the equilibrium by means of very short pulses of energy",Royal Institution of Great Britain,1920-12-06,"Stainforth, United Kingdom",United Kingdom,
616,Manfred Eigen,male,1967,chemistry,"for their studies of extremely fast chemical reactions, effected by disturbing the equilibrium by means of very short pulses of energy",Max-Planck-Institut für Physikalische Chemie,1927-05-09,"Bochum, Germany",Germany,
840,Ronald George Wreyford Norrish,male,1967,chemistry,"for their studies of extremely fast chemical reactions, effected by disturbing the equilibrium by means of very short pulses of energy",Institute of Physical Chemistry,1897-11-09,"Cambridge, United Kingdom",United Kingdom,
330,George Wald,male,1967,medicine,for their discoveries concerning the primary physiological and chemical visual processes in the eye,Harvard University,1906-11-18,"New York, NY, USA",USA,
556,Haldan Keffer Hartline,male,1967,medicine,for their discoveries concerning the primary physiological and chemical visual processes in the eye,Rockefeller University,1903-12-22,"Bloomsburg, PA, USA",USA,
771,Ragnar Granit,male,1967,medicine,for their discoveries concerning the primary physiological and chemical visual processes in the eye,Karolinska Institutet,1900-10-30,"Helsinki, Russian Empire (now Finland)",Russian Empire,
661,Miguel Angel Asturias,male,1967,literature,"for his vivid literary achievement, deep-rooted in the national traits and traditions of Indian peoples of Latin America",,1899-10-19,"Guatemala City, Guatemala",Guatemala,
610,Luis Walter Alvarez,male,1968,physics,"for his decisive contributions to elementary particle physics, in particular the discovery of a large number of resonance states, made possible through his development of the technique of using hydrogen bubble chamber and data analysis",University of California,1911-06-13,"San Francisco, CA, USA",USA,
574,Lars Onsager,male,1968,chemistry,"for the discovery of the reciprocal relations bearing his name, which are fundamental for the thermodynamics of irreversible processes",Yale University,1903-11-27,"Kristiania (now Oslo), Norway",Norway,
363,Har Gobind Khorana,male,1968,medicine,for their interpretation of the genetic code and its function in protein synthesis,University of Wisconsin,1922-01-09,"Raipur, India",India,
626,Marshall W. Nirenberg,male,1968,medicine,for their interpretation of the genetic code and its function in protein synthesis,National Institutes of Health,1927-04-10,"New York, NY, USA",USA,
827,Robert W. Holley,male,1968,medicine,for their interpretation of the genetic code and its function in protein synthesis,Cornell University,1922-01-28,"Urbana, IL, USA",USA,
1017,Yasunari Kawabata,male,1968,literature,"for his narrative mastery, which with great sensibility expresses the essence of the Japanese mind",,1899-06-11,"Osaka, Japan",Japan,
781,René Cassin,male,1968,peace,for his struggle to ensure the rights of man as stipulated in the UN Declaration,,1887-10-05,"Bayonne, France",France,
671,Murray Gell-Mann,male,1969,physics,for his contributions and discoveries concerning the classification of elementary particles and their interactions,California Institute of Technology (Caltech),1929-09-15,"New York, NY, USA",USA,
189,Derek H. R. Barton,male,1969,chemistry,for their contributions to the development of the concept of conformation and its application in chemistry,Imperial College,1918-09-08,"Gravesend, United Kingdom",United Kingdom,
695,Odd Hassel,male,1969,chemistry,for their contributions to the development of the concept of conformation and its application in chemistry,University of Oslo,1897-05-17,"Kristiania (now Oslo), Norway",Norway,
40,Alfred D. Hershey,male,1969,medicine,for their discoveries concerning the replication mechanism and the genetic structure of viruses,Carnegie Institution of Washington,1908-12-04,"Owosso, MI, USA",USA,
641,Max Delbrück,male,1969,medicine,for their discoveries concerning the replication mechanism and the genetic structure of viruses,California Institute of Technology (Caltech),1906-09-04,"Berlin, Germany",Germany,
852,Salvador E. Luria,male,1969,medicine,for their discoveries concerning the replication mechanism and the genetic structure of viruses,Massachusetts Institute of Technology (MIT),1912-08-13,"Turin, Italy",Italy,
854,Samuel Beckett,male,1969,literature,"for his writing, which - in new forms for the novel and drama - in the destitution of modern man acquires its elevation",,1906-04-13,"Dublin, Ireland",Ireland,
428,International Labour Organization,org,1969,peace,for creating international legislation insuring certain norms for working conditions in every country,,,,,
469,Jan Tinbergen,male,1969,economic,for having developed and applied dynamic models for the analysis of economic processes,The Netherlands School of Economics,1903-04-12,"the Hague, the Netherlands",the Netherlands,
770,Ragnar Frisch,male,1969,economic,for having developed and applied dynamic models for the analysis of economic processes,University of Oslo,1895-03-03,"Oslo, Norway",Norway,
368,Hannes Olof Gösta Alfvén,male,1970,physics,for fundamental work and discoveries in magnetohydro-dynamics with fruitful applications in different parts of plasma physics,Royal Institute of Technology,1908-05-30,"Norrköping, Sweden",Sweden,
604,Louis Eugène Félix Néel,male,1970,physics,for fundamental work and discoveries concerning antiferromagnetism and ferrimagnetism which have led to important applications in solid state physics,University of Grenoble,1904-11-22,"Lyon, France",France,
611,Luis F. Leloir,male,1970,chemistry,for his discovery of sugar nucleotides and their role in the biosynthesis of carbohydrates,Institute for Biochemical Research,1906-09-06,"Paris, France",France,
542,Julius Axelrod,male,1970,medicine,"for their discoveries concerning the humoral transmitters in the nerve terminals and the mechanism for their storage, release and inactivation",National Institutes of Health,1912-05-30,"New York, NY, USA",USA,
883,Sir Bernard Katz,male,1970,medicine,"for their discoveries concerning the humoral transmitters in the nerve terminals and the mechanism for their storage, release and inactivation",University College,1911-03-26,"Leipzig, Germany",Germany,
953,Ulf von Euler,male,1970,medicine,"for their discoveries concerning the humoral transmitters in the nerve terminals and the mechanism for their storage, release and inactivation",Karolinska Institutet,1905-02-07,"Stockholm, Sweden",Sweden,
34,Aleksandr Isayevich Solzhenitsyn,male,1970,literature,for the ethical force with which he has pursued the indispensable traditions of Russian literature,,1918-12-11,"Kislovodsk, Russia",Russia,
691,Norman Ernest Borlaug,male,1970,peace,for having given a well-founded hope - the green revolution,,1914-03-25,"Cresco, IA, USA",USA,
722,Paul A. Samuelson,male,1970,economic,for the scientific work through which he has developed static and dynamic economic theory and actively contributed to raising the level of analysis in economic science,Massachusetts Institute of Technology (MIT),1915-05-15,"Gary, IN, USA",USA,
188,Dennis Gabor,male,1971,physics,for his invention and development of the holographic method,Imperial College,1900-06-05,"Budapest, Hungary",Hungary,
341,Gerhard Herzberg,male,1971,chemistry,"for his contributions to the knowledge of electronic structure and geometry of molecules, particularly free radicals",National Research Council of Canada,1904-12-25,"Hamburg, Germany",Germany,
208,"Earl W. Sutherland, Jr.",male,1971,medicine,for his discoveries concerning the mechanisms of the action of hormones,Vanderbilt University,1915-11-19,"Burlingame, KS, USA",USA,
717,Pablo Neruda,male,1971,literature,for a poetry that with the action of an elemental force brings alive a continent's destiny and dreams,,1904-07-12,"Parral, Chile",Chile,
1006,Willy Brandt,male,1971,peace,for paving the way for a meaningful dialogue between East and West,,1913-12-18,"Lübeck, Germany",Germany,
876,Simon Kuznets,male,1971,economic,for his empirically founded interpretation of economic growth which has led to new and deepened insight into the economic and social structure and process of development,Harvard University,1901-04-30,"Pinsk, Russian Empire (now Belarus)",Russian Empire,
496,John Bardeen,male,1972,physics,"for their jointly developed theory of superconductivity, usually called the BCS-theory",University of Illinois,1908-05-23,"Madison, WI, USA",USA,
586,Leon Neil Cooper,male,1972,physics,"for their jointly developed theory of superconductivity, usually called the BCS-theory",Brown University,1930-02-28,"New York, NY, USA",USA,
825,John Robert Schrieffer,male,1972,physics,"for their jointly developed theory of superconductivity, usually called the BCS-theory",University of Pennsylvania,1931-05-31,"Oak Park, IL, USA",USA,
148,Christian B. Anfinsen,male,1972,chemistry,"for his work on ribonuclease, especially concerning the connection between the amino acid sequence and the biologically active conformation",National Institutes of Health,1916-03-26,"Monessen, PA, USA",USA,
905,Stanford Moore,male,1972,chemistry,for their contribution to the understanding of the connection between chemical structure and catalytic activity of the active centre of the ribonuclease molecule,Rockefeller University,1913-09-04,"Chicago, IL, USA",USA,
1000,William H. Stein,male,1972,chemistry,for their contribution to the understanding of the connection between chemical structure and catalytic activity of the active centre of the ribonuclease molecule,Rockefeller University,1911-06-25,"New York, NY, USA",USA,
334,Gerald M. Edelman,male,1972,medicine,for their discoveries concerning the chemical structure of antibodies,Rockefeller University,1929-07-01,"New York, NY, USA",USA,
830,Rodney R. Porter,male,1972,medicine,for their discoveries concerning the chemical structure of antibodies,University of Oxford,1917-10-08,"Newton-le-Willows, United Kingdom",United Kingdom,
384,Heinrich Böll,male,1972,literature,for his writing which through its combination of a broad perspective on his time and a sensitive skill in characterization has contributed to a renewal of German literature,,1917-12-21,"Cologne, Germany",Germany,
520,John R. Hicks,male,1972,economic,for their pioneering contributions to general economic equilibrium theory and welfare theory,All Souls College,1904-04-08,"Warwick, United Kingdom",United Kingdom,
559,Kenneth J. Arrow,male,1972,economic,for their pioneering contributions to general economic equilibrium theory and welfare theory,Harvard University,1921-08-23,"New York, NY, USA",USA,
113,Brian David Josephson,male,1973,physics,"for his theoretical predictions of the properties of a supercurrent through a tunnel barrier, in particular those phenomena which are generally known as the Josephson effects",University of Cambridge,1940-01-04,"Cardiff, United Kingdom",United Kingdom,
438,Ivar Giaever,male,1973,physics,"for their experimental discoveries regarding tunneling phenomena in semiconductors and superconductors, respectively",General Electric Company,1929-04-05,"Bergen, Norway",Norway,
582,Leo Esaki,male,1973,physics,"for their experimental discoveries regarding tunneling phenomena in semiconductors and superconductors, respectively",IBM Thomas J. Watson Research Center,1925-03-12,"Osaka, Japan",Japan,
252,Ernst Otto Fischer,male,1973,chemistry,"for their pioneering work, performed independently, on the chemistry of the organometallic, so called sandwich compounds",Technical University,1918-11-10,"Munich, Germany",Germany,
310,Geoffrey Wilkinson,male,1973,chemistry,"for their pioneering work, performed independently, on the chemistry of the organometallic, so called sandwich compounds",Imperial College,1921-07-14,"Todmorden, United Kingdom",United Kingdom,
551,Karl von Frisch,male,1973,medicine,for their discoveries concerning organization and elicitation of individual and social behaviour patterns,Zoologisches Institut der Universität München,1886-11-20,"Vienna, Austria",Austria,
570,Konrad Lorenz,male,1973,medicine,for their discoveries concerning organization and elicitation of individual and social behaviour patterns,"Konrad-Lorenz-Institut der Österreichischen Akademie der Wissen­schaften, Forschungsstelle für Ethologie",1903-11-07,"Vienna, Austria",Austria,
689,Nikolaas Tinbergen,male,1973,medicine,for their discoveries concerning organization and elicitation of individual and social behaviour patterns,University of Oxford,1907-04-15,"the Hague, the Netherlands",the Netherlands,
721,Patrick White,male,1973,literature,for an epic and psychological narrative art which has introduced a new continent into literature,,1912-05-28,"London, United Kingdom",United Kingdom,
395,Henry Alfred Kissinger,male,1973,peace,for jointly having negotiated a cease fire in Vietnam in 1973,,1923-05-27,"Fürth, Germany",Germany,
976,Wassily Wassilyevich Leontief,male,1973,economic,for the development of the input-output method and for its application to important economic problems,Harvard University,1906-08-05,"St. Petersburg, Russia",Russia,
69,Antony Hewish,male,1974,physics,"for their pioneering research in radio astrophysics: Ryle for his observations and inventions, in particular of the aperture synthesis technique, and Hewish for his decisive role in the discovery of pulsars",University of Cambridge,1924-05-11,"Fowey, United Kingdom",United Kingdom,
632,Sir Martin Ryle,male,1974,physics,"for their pioneering research in radio astrophysics: Ryle for his observations and inventions, in particular of the aperture synthesis technique, and Hewish for his decisive role in the discovery of pulsars",University of Cambridge,1918-09-27,"Brighton, United Kingdom",United Kingdom,
732,Paul J. Flory,male,1974,chemistry,"for his fundamental achievements, both theoretical and experimental, in the physical chemistry of the macromolecules",Stanford University,1910-06-19,"Sterling, IL, USA",USA,
25,Albert Claude,male,1974,medicine,for their discoveries concerning the structural and functional organization of the cell,Université Catholique de Louvain,1898-08-24,"Longlier, Belgium",Belgium,
149,Christian de Duve,male,1974,medicine,for their discoveries concerning the structural and functional organization of the cell,Rockefeller University,1917-10-02,"Thames Ditton, United Kingdom",United Kingdom,
320,George E. Palade,male,1974,medicine,for their discoveries concerning the structural and functional organization of the cell,"Yale University, School of Medicine",1912-11-19,"Iasi, Romania",Romania,
262,Eyvind Johnson,male,1974,literature,"for a narrative art, far-seeing in lands and ages, in the service of freedom",,1900-07-29,"Svartbjörnsbyn, Sweden",Sweden,
380,Harry Martinson,male,1974,literature,for writings that catch the dewdrop and reflect the cosmos,,1904-05-06,"Jämshög, Sweden",Sweden,
224,Eisaku Satō,male,1974,peace,for his contribution to stabilize conditions in the Pacific rim area and for signing the Nuclear Non-Proliferation Treaty,,1901-03-27,"Tabuse, Japan",Japan,
861,Seán MacBride,male,1974,peace,for his efforts to secure and develop human rights throughout the world,,1904-01-26,"Paris, France",France,
297,Friedrich August von Hayek,male,1974,economic,"for their pioneering work in the theory of money and economic fluctuations and for their penetrating analysis of the interdependence of economic, social and institutional phenomena",,1899-05-08,"Vienna, Austria",Austria,
356,Gunnar Myrdal,male,1974,economic,"for their pioneering work in the theory of money and economic fluctuations and for their penetrating analysis of the interdependence of economic, social and institutional phenomena",,1898-12-06,"Skattungbyn, Sweden",Sweden,
2,Aage Niels Bohr,male,1975,physics,for the discovery of the connection between collective motion and particle motion in atomic nuclei and the development of the theory of the structure of the atomic nucleus based on this connection,Niels Bohr Institute,1922-06-19,"Copenhagen, Denmark",Denmark,
99,Ben Roy Mottelson,male,1975,physics,for the discovery of the connection between collective motion and particle motion in atomic nuclei and the development of the theory of the structure of the atomic nucleus based on this connection,Nordita,1926-07-09,"Chicago, IL, USA",USA,
466,Leo James Rainwater,male,1975,physics,for the discovery of the connection between collective motion and particle motion in atomic nuclei and the development of the theory of the structure of the atomic nucleus based on this connection,Columbia University,1917-12-09,"Council, ID, USA",USA,
504,John Warcup Cornforth,male,1975,chemistry,for his work on the stereochemistry of enzyme-catalyzed reactions,University of Sussex,1917-09-07,"Sydney, Australia",Australia,
968,Vladimir Prelog,male,1975,chemistry,for his research into the stereochemistry of organic molecules and reactions,Eidgenössische Technische Hochschule (Swiss Federal Institute of Technology),1906-07-23,"Sarajevo, Austria-Hungary (now Bosnia and Herzegovina)",Austria-Hungary,
176,David Baltimore,male,1975,medicine,for their discoveries concerning the interaction between tumour viruses and the genetic material of the cell,Massachusetts Institute of Technology (MIT),1938-03-07,"New York, NY, USA",USA,
413,Howard Martin Temin,male,1975,medicine,for their discoveries concerning the interaction between tumour viruses and the genetic material of the cell,University of Wisconsin,1934-12-10,"Philadelphia, PA, USA",USA,
780,Renato Dulbecco,male,1975,medicine,for their discoveries concerning the interaction between tumour viruses and the genetic material of the cell,Imperial Cancer Research Fund Laboratory,1914-02-22,"Catanzaro, Italy",Italy,
260,Eugenio Montale,male,1975,literature,"for his distinctive poetry which, with great artistic sensitivity, has interpreted human values under the sign of an outlook on life with no illusions",,1896-10-12,"Genoa, Italy",Italy,
60,Andrei Dmitrievich Sakharov,male,1975,peace,"for his struggle for human rights in the Soviet Union, for disarmament and cooperation between all nations",,1921-05-21,"Moscow, Russia",Russia,
588,Leonid Vitaliyevich Kantorovich,male,1975,economic,for their contributions to the theory of optimum allocation of resources,Academy of Sciences,1912-01-19,"St. Petersburg, Russian Empire (now Russia)",Russian Empire,
943,Tjalling C. Koopmans,male,1975,economic,for their contributions to the theory of optimum allocation of resources,Yale University,1910-08-28,"'s Graveland, the Netherlands",the Netherlands,
118,Burton Richter,male,1976,physics,for their pioneering work in the discovery of a heavy elementary particle of a new kind,Stanford Linear Accelerator Center,1931-03-22,"Brooklyn, NY, USA",USA,
855,Samuel Chao Chung Ting,male,1976,physics,for their pioneering work in the discovery of a heavy elementary particle of a new kind,Massachusetts Institute of Technology (MIT),1936-01-27,"Ann Arbor, MI, USA",USA,
1002,William N. Lipscomb,male,1976,chemistry,for his studies on the structure of boranes illuminating problems of chemical bonding,Harvard University,1919-12-09,"Cleveland, OH, USA",USA,
96,Baruch S. Blumberg,male,1976,medicine,for their discoveries concerning new mechanisms for the origin and dissemination of infectious diseases,The Institute for Cancer Research,1925-07-28,"New York, NY, USA",USA,
164,D. Carleton Gajdusek,male,1976,medicine,for their discoveries concerning new mechanisms for the origin and dissemination of infectious diseases,National Institutes of Health,1923-09-09,"Yonkers, NY, USA",USA,
858,Saul Bellow,male,1976,literature,for the human understanding and subtle analysis of contemporary culture that are combined in his work,,1915-06-10,"Lachine, Quebec (now Montreal), Canada",Canada,
110,Elizabeth Williams,female,1976,peace,for the courageous efforts in founding a movement to put an end to the violent conflict in Northern Ireland,,1943-05-22,"Belfast, Northern Ireland",Northern Ireland,
613,Mairead Corrigan,female,1976,peace,for the courageous efforts in founding a movement to put an end to the violent conflict in Northern Ireland,,1944-01-27,"Belfast, Northern Ireland",Northern Ireland,
664,Milton Friedman,male,1976,economic,"for his achievements in the fields of consumption analysis, monetary history and theory and for his demonstration of the complexity of stabilization policy",University of Chicago,1912-07-31,"Brooklyn, NY, USA",USA,
511,John Hasbrouck Van Vleck,male,1977,physics,for their fundamental theoretical investigations of the electronic structure of magnetic and disordered systems,Harvard University,1899-03-13,"Middletown, CT, USA",USA,
758,Philip Warren Anderson,male,1977,physics,for their fundamental theoretical investigations of the electronic structure of magnetic and disordered systems,Bell Telephone Laboratories,1923-12-13,"Indianapolis, IN, USA",USA,
898,Sir Nevill Francis Mott,male,1977,physics,for their fundamental theoretical investigations of the electronic structure of magnetic and disordered systems,University of Cambridge,1905-09-30,"Leeds, United Kingdom",United Kingdom,
418,Ilya Romanovich Prigogine,male,1977,chemistry,"for his contributions to non-equilibrium thermodynamics, particularly the theory of dissipative structures",Université Libre de Bruxelles,1917-01-25,"Moscow, Russia",Russia,
62,Andrew V. Schally,male,1977,medicine,for their discoveries concerning the peptide hormone production of the brain,Veterans Administration Hospital,1926-11-30,"Wilno, Poland (now Vilnius, Lithuania)",Poland,
833,Roger Guillemin,male,1977,medicine,for their discoveries concerning the peptide hormone production of the brain,The Salk Institute,1924-01-11,"Dijon, France",France,
843,Rosalyn Yalow,female,1977,medicine,for the development of radioimmunoassays of peptide hormones,Veterans Administration Hospital,1921-07-19,"New York, NY, USA",USA,
962,Vicente Aleixandre,male,1977,literature,"for a creative poetic writing which illuminates man's condition in the cosmos and in present-day society, at the same time representing the great renewal of the traditions of Spanish poetry between the wars",,1898-04-26,"Sevilla, Spain",Spain,
53,Amnesty International,org,1977,peace,for worldwide respect for human rights,,,,,
107,Bertil Ohlin,male,1977,economic,for their pathbreaking contribution to the theory of international trade and international capital movements,Stockholm School of Economics,1899-04-23,"Klippan, Sweden",Sweden,
459,James E. Meade,male,1977,economic,for their pathbreaking contribution to the theory of international trade and international capital movements,University of Cambridge,1907-06-23,"Swanage, United Kingdom",United Kingdom,
77,Arno Allan Penzias,male,1978,physics,for their discovery of cosmic microwave background radiation,Bell Laboratories,1933-04-26,"Munich, Germany",Germany,
768,Pyotr Leonidovich Kapitsa,male,1978,physics,for his basic inventions and discoveries in the area of low-temperature physics,Academy of Sciences,1894-07-09,"Kronshtadt, Russian Empire (now Russia)",Russian Empire,
828,Robert Woodrow Wilson,male,1978,physics,for their discovery of cosmic microwave background radiation,Bell Laboratories,1936-01-10,"Houston, TX, USA",USA,
753,Peter D. Mitchell,male,1978,chemistry,for his contribution to the understanding of biological energy transfer through the formulation of the chemiosmotic theory,Glynn Research Laboratories,1920-09-29,"Mitcham, United Kingdom",United Kingdom,
172,Daniel Nathans,male,1978,medicine,for the discovery of restriction enzymes and their application to problems of molecular genetics,Johns Hopkins University School of Medicine,1928-10-30,"Wilmington, DE, USA",USA,
366,Hamilton O. Smith,male,1978,medicine,for the discovery of restriction enzymes and their application to problems of molecular genetics,Johns Hopkins University School of Medicine,1931-08-23,"New York, NY, USA",USA,
978,Werner Arber,male,1978,medicine,for the discovery of restriction enzymes and their application to problems of molecular genetics,Biozentrum der Universität,1929-06-03,"Gränichen, Switzerland",Switzerland,
433,Isaac Bashevis Singer,male,1978,literature,"for his impassioned narrative art which, with roots in a Polish-Jewish cultural tradition, brings universal human conditions to life",,1904-07-14,"Leoncin, Russian Empire (now Poland)",Russian Empire,
70,Mohamed Anwar al-Sadat,male,1978,peace,for jointly having negotiated peace between Egypt and Israel in 1978,,1918-12-25,"Mit Abu al-Kawm, Egypt",Egypt,
650,Menachem Begin,male,1978,peace,for jointly having negotiated peace between Egypt and Israel in 1978,,1913-08-16,"Brest Litovsk, Russian Empire (now Belarus)",Russian Empire,
403,Herbert A. Simon,male,1978,economic,for his pioneering research into the decision-making process within economic organizations,Carnegie Mellon University,1916-06-15,"Milwaukee, WI, USA",USA,
6,Abdus Salam,male,1979,physics,"for their contributions to the theory of the unified weak and electromagnetic interaction between elementary particles, including, inter alia, the prediction of the weak neutral current",International Centre for Theoretical Physics,1926-01-29,"Jhang Maghiāna, India (now Pakistan)",India,
866,Sheldon Lee Glashow,male,1979,physics,"for their contributions to the theory of the unified weak and electromagnetic interaction between elementary particles, including, inter alia, the prediction of the weak neutral current","Harvard University, Lyman Laboratory",1932-12-05,"New York, NY, USA",USA,
910,Steven Weinberg,male,1979,physics,"for their contributions to the theory of the unified weak and electromagnetic interaction between elementary particles, including, inter alia, the prediction of the weak neutral current",Harvard University,1933-05-03,"New York, NY, USA",USA,
312,Georg Wittig,male,1979,chemistry,"for their development of the use of boron- and phosphorus-containing compounds, respectively, into important reagents in organic synthesis",University of Heidelberg,1897-06-16,"Berlin, Germany",Germany,
400,Herbert C. Brown,male,1979,chemistry,"for their development of the use of boron- and phosphorus-containing compounds, respectively, into important reagents in organic synthesis",Purdue University,1912-05-22,"London, United Kingdom",United Kingdom,
46,Allan M. Cormack,male,1979,medicine,for the development of computer assisted tomography,Tufts University,1924-02-23,"Johannesburg, South Africa",South Africa,
350,Godfrey N. Hounsfield,male,1979,medicine,for the development of computer assisted tomography,"Central Research Laboratories, EMI",1919-08-28,"Newark, United Kingdom",United Kingdom,
696,Odysseus Elytis,male,1979,literature,"for his poetry, which, against the background of Greek tradition, depicts with sensuous strength and intellectual clear-sightedness modern man's struggle for freedom and creativeness",,1911-11-02,"Iráklion, Crete (now Greece)",Crete,
668,Mother Teresa,female,1979,peace,for her work for bringing help to suffering humanity,,1910-08-26,"Uskup, Ottoman Empire (now Skopje, North Macedonia)",Ottoman Empire,
881,Sir Arthur Lewis,male,1979,economic,for their pioneering research into economic development research with particular consideration of the problems of developing countries,Princeton University,1915-01-23,"Castries, British West Indies (now Saint Lucia)",British West Indies,
933,Theodore W. Schultz,male,1979,economic,for their pioneering research into economic development research with particular consideration of the problems of developing countries,University of Chicago,1902-04-30,"Arlington, SD, USA",USA,
458,James Watson Cronin,male,1980,physics,for the discovery of violations of fundamental symmetry principles in the decay of neutral K-mesons,University of Chicago,1931-09-29,"Chicago, IL, USA",USA,
958,Val Logsdon Fitch,male,1980,physics,for the discovery of violations of fundamental symmetry principles in the decay of neutral K-mesons,Princeton University,1923-03-10,"Merriman, NE, USA",USA,
292,Frederick Sanger,male,1980,chemistry,for their contributions concerning the determination of base sequences in nucleic acids,MRC Laboratory of Molecular Biology,1918-08-13,"Rendcombe, United Kingdom",United Kingdom,
724,Paul Berg,male,1980,chemistry,"for his fundamental studies of the biochemistry of nucleic acids, with particular regard to recombinant-DNA",Stanford University,1926-06-30,"New York, NY, USA",USA,
969,Walter Gilbert,male,1980,chemistry,for their contributions concerning the determination of base sequences in nucleic acids,"Harvard University, Biological Laboratories",1932-03-21,"Boston, MA, USA",USA,
97,Baruj Benacerraf,male,1980,medicine,for their discoveries concerning genetically determined structures on the cell surface that regulate immunological reactions,Harvard Medical School,1920-10-29,"Caracas, Venezuela",Venezuela,
318,George D. Snell,male,1980,medicine,for their discoveries concerning genetically determined structures on the cell surface that regulate immunological reactions,Jackson Laboratory,1903-12-19,"Bradford, MA, USA",USA,
474,Jean Dausset,male,1980,medicine,for their discoveries concerning genetically determined structures on the cell surface that regulate immunological reactions,"Université de Paris, Laboratoire Immuno-Hématologie",1916-10-19,"Toulouse, France",France,
163,Czesław Miłosz,male,1980,literature,who with uncompromising clear-sightedness voices man's exposed condition in a world of severe conflicts,,1911-06-30,"Śeteniai, Russian Empire (now Lithuania)",Russian Empire,
14,Adolfo Pérez Esquivel,male,1980,peace,"for being a source of inspiration to repressed people, especially in Latin America",,1931-11-26,"Buenos Aires, Argentina",Argentina,
578,Lawrence R. Klein,male,1980,economic,for the creation of econometric models and the application to the analysis of economic fluctuations and economic policies,University of Pennsylvania,1920-09-14,"Omaha, NE, USA",USA,
84,Arthur Leonard Schawlow,male,1981,physics,for their contribution to the development of laser spectroscopy,Stanford University,1921-05-05,"Mount Vernon, NY, USA",USA,
547,Kai M. Siegbahn,male,1981,physics,for his contribution to the development of high-resolution electron spectroscopy,Uppsala University,1918-04-20,"Lund, Sweden",Sweden,
683,Nicolaas Bloembergen,male,1981,physics,for their contribution to the development of laser spectroscopy,Harvard University,1920-03-11,"Dordrecht, the Netherlands",the Netherlands,
557,Kenichi Fukui,male,1981,chemistry,"for their theories, developed independently, concerning the course of chemical reactions",Kyoto University,1918-10-04,"Nara, Japan",Japan,
801,Roald Hoffmann,male,1981,chemistry,"for their theories, developed independently, concerning the course of chemical reactions",Cornell University,1937-07-18,"Zloczov, Poland (now Ukraine)",Poland,
178,David H. Hubel,male,1981,medicine,for their discoveries concerning information processing in the visual system,Harvard Medical School,1926-02-27,"Windsor, ON, Canada",Canada,
836,Roger W. Sperry,male,1981,medicine,for his discoveries concerning the functional specialization of the cerebral hemispheres,California Institute of Technology (Caltech),1913-08-20,"Hartford, CT, USA",USA,
948,Torsten N. Wiesel,male,1981,medicine,for their discoveries concerning information processing in the visual system,Harvard Medical School,1924-06-03,"Uppsala, Sweden",Sweden,
226,Elias Canetti,male,1981,literature,"for writings marked by a broad outlook, a wealth of ideas and artistic power",,1905-07-25,"Ruse, Bulgaria",Bulgaria,
698,Office of the United Nations High Commissioner for Refugees,org,1981,peace,for promoting the fundamental rights of refugees,,,,,
467,James Tobin,male,1981,economic,"for his analysis of financial markets and their relations to expenditure decisions, employment, production and prices",Yale University,1918-03-05,"Champaign, IL, USA",USA,
558,Kenneth G. Wilson,male,1982,physics,for his theory for critical phenomena in connection with phase transitions,Cornell University,1936-06-08,"Waltham, MA, USA",USA,
4,Aaron Klug,male,1982,chemistry,for his development of crystallographic electron microscopy and his structural elucidation of biologically important nucleic acid-protein complexes,MRC Laboratory of Molecular Biology,1926-08-11,"Zelvas, Lithuania",Lithuania,
101,Bengt I. Samuelsson,male,1982,medicine,for their discoveries concerning prostaglandins and related biologically active substances,Karolinska Institutet,1934-05-21,"Halmstad, Sweden",Sweden,
522,John R. Vane,male,1982,medicine,for their discoveries concerning prostaglandins and related biologically active substances,The Wellcome Research Laboratories,1927-03-29,"Tardebigg, United Kingdom",United Kingdom,
913,Sune K. Bergström,male,1982,medicine,for their discoveries concerning prostaglandins and related biologically active substances,Karolinska Institutet,1916-01-10,"Stockholm, Sweden",Sweden,
303,Gabriel García Márquez,male,1982,literature,"for his novels and short stories, in which the fantastic and the realistic are combined in a richly composed world of imagination, reflecting a continent's life and conflicts",,1927-03-06,"Aracataca, Colombia",Colombia,
39,Alfonso García Robles,male,1982,peace,for their work for disarmament and nuclear and weapon-free zones,,1911-03-20,"Zamora, Mexico",Mexico,
49,Alva Myrdal,female,1982,peace,for their work for disarmament and nuclear and weapon-free zones,,1902-01-31,"Uppsala, Sweden",Sweden,
325,George J. Stigler,male,1982,economic,"for his seminal studies of industrial structures, functioning of markets and causes and effects of public regulation",University of Chicago,1911-01-17,"Renton, WA, USA",USA,
911,Subrahmanyan Chandrasekhar,male,1983,physics,for his theoretical studies of the physical processes of importance to the structure and evolution of the stars,University of Chicago,1910-10-19,"Lahore, India (now Pakistan)",India,
987,William Alfred Fowler,male,1983,physics,for his theoretical and experimental studies of the nuclear reactions of importance in the formation of the chemical elements in the universe,California Institute of Technology (Caltech),1911-08-09,"Pittsburgh, PA, USA",USA,
396,Henry Taube,male,1983,chemistry,"for his work on the mechanisms of electron transfer reactions, especially in metal complexes",Stanford University,1915-11-30,"Neudorf, Canada",Canada,
93,Barbara McClintock,female,1983,medicine,for her discovery of mobile genetic elements,Cold Spring Harbor Laboratory,1902-06-16,"Hartford, CT, USA",USA,
999,William Golding,male,1983,literature,"for his novels which, with the perspicuity of realistic narrative art and the diversity and universality of myth, illuminate the human condition in the world of today",,1911-09-19,"Newquay, United Kingdom",United Kingdom,
580,Lech Wałęsa,male,1983,peace,for non-violent struggle for free trade unions and human rights in Poland,,1943-09-29,"Popowo, Poland",Poland,
335,Gerard Debreu,male,1983,economic,for having incorporated new analytical methods into economic theory and for his rigorous reformulation of the theory of general equilibrium,University of California,1921-07-04,"Calais, France",France,
128,Carlo Rubbia,male,1984,physics,"for their decisive contributions to the large project, which led to the discovery of the field particles W and Z, communicators of weak interaction",CERN,1934-03-31,"Gorizia, Italy",Italy,
877,Simon van der Meer,male,1984,physics,"for their decisive contributions to the large project, which led to the discovery of the field particles W and Z, communicators of weak interaction",CERN,1925-11-24,"the Hague, the Netherlands",the Netherlands,
117,Robert Bruce Merrifield,male,1984,chemistry,for his development of methodology for chemical synthesis on a solid matrix,Rockefeller University,1921-07-15,"Fort Worth, TX, USA",USA,
135,César Milstein,male,1984,medicine,for theories concerning the specificity in development and control of the immune system and the discovery of the principle for production of monoclonal antibodies,MRC Laboratory of Molecular Biology,1927-10-08,"Bahia Blanca, Argentina",Argentina,
332,Georges J.F. Köhler,male,1984,medicine,for theories concerning the specificity in development and control of the immune system and the discovery of the principle for production of monoclonal antibodies,Basel Institute for Immunology,1946-04-17,"Munich, Germany",Germany,
686,Niels K. Jerne,male,1984,medicine,for theories concerning the specificity in development and control of the immune system and the discovery of the principle for production of monoclonal antibodies,Basel Institute for Immunology,1911-12-23,"London, United Kingdom",United Kingdom,
472,Jaroslav Seifert,male,1984,literature,"for his poetry which endowed with freshness, sensuality and rich inventiveness provides a liberating image of the indomitable spirit and versatility of man",,1901-09-23,"Prague, Austria-Hungary (now Czech Republic)",Austria-Hungary,
191,Desmond Mpilo Tutu,male,1984,peace,for his role as a unifying leader figure in the non-violent campaign to resolve the problem of apartheid in South Africa,,1931-10-07,"Klerksdorp, South Africa",South Africa,
796,Richard Stone,male,1984,economic,for having made fundamental contributions to the development of systems of national accounts and hence greatly improved the basis for empirical economic analysis,University of Cambridge,1913-08-30,"London, United Kingdom",United Kingdom,
565,Klaus von Klitzing,male,1985,physics,for the discovery of the quantized Hall effect,Max-Planck-Institut für Festkörperforschung,1943-06-28,"Schroda, German-occupied Poland (now Poland)",German-occupied Poland,
399,Herbert A. Hauptman,male,1985,chemistry,for their outstanding achievements in the development of direct methods for the determination of crystal structures,The Medical Foundation of Buffalo,1917-02-14,"New York, NY, USA",USA,
483,Jerome Karle,male,1985,chemistry,for their outstanding achievements in the development of direct methods for the determination of crystal structures,US Naval Research Laboratory,1918-06-18,"New York, NY, USA",USA,
533,Joseph L. Goldstein,male,1985,medicine,for their discoveries concerning the regulation of cholesterol metabolism,University of Texas Southwestern Medical Center at Dallas,1940-04-18,"Sumter, SC, USA",USA,
656,Michael S. Brown,male,1985,medicine,for their discoveries concerning the regulation of cholesterol metabolism,University of Texas Southwestern Medical Center at Dallas,1941-04-13,"New York, NY, USA",USA,
155,Claude Simon,male,1985,literature,who in his novel combines the poet's and the painter's creativeness with a deepened awareness of time in the depiction of the human condition,,1913-10-10,"Tananarive (now Antananarivo), Madagascar",Madagascar,
429,International Physicians for the Prevention of Nuclear War,org,1985,peace,for spreading authoritative information and by creating awareness of the catastrophic consequences of nuclear war,,,,,
276,Franco Modigliani,male,1985,economic,for his pioneering analyses of saving and of financial markets,Massachusetts Institute of Technology (MIT),1918-06-18,"Rome, Italy",Italy,
253,Ernst Ruska,male,1986,physics,"for his fundamental work in electron optics, and for the design of the first electron microscope",Fritz-Haber-Institut der Max-Planck-Gesellschaft,1906-12-25,"Heidelberg, Germany",Germany,
338,Gerd Binnig,male,1986,physics,for their design of the scanning tunneling microscope,IBM Zurich Research Laboratory,1947-07-20,"Frankfurt-on-the-Main, West Germany (now Germany)",West Germany,
385,Heinrich Rohrer,male,1986,physics,for their design of the scanning tunneling microscope,IBM Zurich Research Laboratory,1933-06-06,"Buchs, Switzerland",Switzerland,
205,Dudley R. Herschbach,male,1986,chemistry,for their contributions concerning the dynamics of chemical elementary processes,Harvard University,1932-06-18,"San José, CA, USA",USA,
500,John C. Polanyi,male,1986,chemistry,for their contributions concerning the dynamics of chemical elementary processes,University of Toronto,1929-01-23,"Berlin, Germany",Germany,
1021,Yuan T. Lee,male,1986,chemistry,for their contributions concerning the dynamics of chemical elementary processes,University of California,1936-11-19,"Hsinchu, Taiwan",Taiwan,
800,Rita Levi-Montalcini,female,1986,medicine,for their discoveries of growth factors,Institute of Cell Biology of the C.N.R.,1909-04-22,"Turin, Italy",Italy,
907,Stanley Cohen,male,1986,medicine,for their discoveries of growth factors,Vanderbilt University School of Medicine,1922-11-17,"Brooklyn, NY, USA",USA,
1010,Wole Soyinka,male,1986,literature,who in a wide cultural perspective and with poetic overtones fashions the drama of existence,,1934-07-13,"Abeokuta, Nigeria",Nigeria,
229,Elie Wiesel,male,1986,peace,"for being a messenger to mankind: his message is one of peace, atonement and dignity",,1928-09-30,"Sighet, Romania",Romania,
463,James M. Buchanan Jr.,male,1986,economic,for his development of the contractual and constitutional bases for the theory of economic and political decision-making,Center for Study of Public Choice,1919-10-03,"Murfreesboro, TN, USA",USA,
440,J. Georg Bednorz,male,1987,physics,for their important break-through in the discovery of superconductivity in ceramic materials,IBM Zurich Research Laboratory,1950-05-16,"Neuenkirchen, West Germany (now Germany)",West Germany,
544,K. Alexander Müller,male,1987,physics,for their important break-through in the discovery of superconductivity in ceramic materials,IBM Zurich Research Laboratory,1927-04-20,"Basel, Switzerland",Switzerland,
141,Charles J. Pedersen,male,1987,chemistry,for their development and use of molecules with structure-specific interactions of high selectivity,Du Pont,1904-10-03,"Pusan, Korea (now South Korea)",Korea,
197,Donald J. Cram,male,1987,chemistry,for their development and use of molecules with structure-specific interactions of high selectivity,University of California,1919-04-22,"Chester, VT, USA",USA,
477,Jean-Marie Lehn,male,1987,chemistry,for their development and use of molecules with structure-specific interactions of high selectivity,Université Louis Pasteur,1939-09-30,"Rosheim, France",France,
915,Susumu Tonegawa,male,1987,medicine,for his discovery of the genetic principle for generation of antibody diversity,Massachusetts Institute of Technology (MIT),1939-09-05,"Nagoya, Japan",Japan,
528,Joseph Brodsky,male,1987,literature,"for an all-embracing authorship, imbued with clarity of thought and poetic intensity",,1940-05-24,"Leningrad, USSR (now St. Petersburg, Russia)",USSR,
707,Oscar Arias Sánchez,male,1987,peace,for his work for lasting peace in Central America,,1940-09-13,"Heredia, Costa Rica",Costa Rica,
822,Robert M. Solow,male,1987,economic,for his contributions to the theory of economic growth,Massachusetts Institute of Technology (MIT),1924-08-23,"Brooklyn, NY, USA",USA,
449,Jack Steinberger,male,1988,physics,for the neutrino beam method and the demonstration of the doublet structure of the leptons through the discovery of the muon neutrino,CERN,1921-05-25,"Bad Kissingen, Germany",Germany,
585,Leon M. Lederman,male,1988,physics,for the neutrino beam method and the demonstration of the doublet structure of the leptons through the discovery of the muon neutrino,Fermi National Accelerator Laboratory,1922-07-15,"New York, NY, USA",USA,
648,Melvin Schwartz,male,1988,physics,for the neutrino beam method and the demonstration of the doublet structure of the leptons through the discovery of the muon neutrino,"Digital Pathways, Inc.",1932-11-02,"New York, NY, USA",USA,
381,Hartmut Michel,male,1988,chemistry,for the determination of the three-dimensional structure of a photosynthetic reaction centre,Max-Planck-Institut für Biophysik,1948-07-18,"Ludwigsburg, West Germany (now Germany)",West Germany,
488,Johann Deisenhofer,male,1988,chemistry,for the determination of the three-dimensional structure of a photosynthetic reaction centre,University of Texas Southwestern Medical Center at Dallas,1943-09-30,"Zusamaltheim, Germany",Germany,
817,Robert Huber,male,1988,chemistry,for the determination of the three-dimensional structure of a photosynthetic reaction centre,Max-Planck-Institut für Biochemie,1937-02-20,"Munich, Germany",Germany,
323,George H. Hitchings,male,1988,medicine,for their discoveries of important principles for drug treatment,Wellcome Research Laboratories,1905-04-18,"Hoquiam, WA, USA",USA,
343,Gertrude B. Elion,female,1988,medicine,for their discoveries of important principles for drug treatment,Wellcome Research Laboratories,1918-01-23,"New York, NY, USA",USA,
894,Sir James W. Black,male,1988,medicine,for their discoveries of important principles for drug treatment,"London University, King's College Hospital Medical School",1924-06-14,"Uddingston, Scotland",Scotland,
675,Naguib Mahfouz,male,1988,literature,"who, through works rich in nuance - now clear-sightedly realistic, now evocatively ambiguous - has formed an Arabian narrative art that applies to all mankind",,1911-12-11,"Cairo, Egypt",Egypt,
956,United Nations Peacekeeping Forces,org,1988,peace,for preventing armed clashes and creating conditions for negotiations,,,,,
637,Maurice Allais,male,1988,economic,for his pioneering contributions to the theory of markets and efficient utilization of resources,École Nationale Supérieur des Mines de Paris,1911-05-31,"Paris, France",France,
371,Hans G. Dehmelt,male,1989,physics,for the development of the ion trap technique,University of Washington,1922-09-09,"Görlitz, Prussia (now Germany)",Prussia,
692,Norman F. Ramsey,male,1989,physics,for the invention of the separated oscillatory fields method and its use in the hydrogen maser and other atomic clocks,Harvard University,1915-08-27,"Washington, D.C., USA",USA,
1012,Wolfgang Paul,male,1989,physics,for the development of the ion trap technique,University of Bonn,1913-08-10,"Lorenzkirch, Germany",Germany,
873,Sidney Altman,male,1989,chemistry,for their discovery of catalytic properties of RNA,Yale University,1939-05-07,"Montreal, Canada",Canada,
941,Thomas R. Cech,male,1989,chemistry,for their discovery of catalytic properties of RNA,University of Colorado,1947-12-08,"Chicago, IL, USA",USA,
377,Harold E. Varmus,male,1989,medicine,for their discovery of the cellular origin of retroviral oncogenes,University of California School of Medicine,1939-12-18,"Oceanside, NY, USA",USA,
443,J. Michael Bishop,male,1989,medicine,for their discovery of the cellular origin of retroviral oncogenes,University of California School of Medicine,1936-02-22,"York, PA, USA",USA,
121,Camilo José Cela,male,1989,literature,"for a rich and intensive prose, which with restrained compassion forms a challenging vision of man's vulnerability",,1916-05-11,"Iria Flavia, Spain",Spain,
926,The 14th Dalai Lama (Tenzin Gyatso),male,1989,peace,for advocating peaceful solutions based upon tolerance and mutual respect in order to preserve the historical and cultural heritage of his people,,1935-07-06,"Taktser, Tibet (now China)",Tibet,
950,Trygve Haavelmo,male,1989,economic,for his clarification of the probability theory foundations of econometrics and his analyses of simultaneous economic structures,University of Oslo,1911-12-13,"Skedsmo, Norway",Norway,
397,Henry W. Kendall,male,1990,physics,"for their pioneering investigations concerning deep inelastic scattering of electrons on protons and bound neutrons, which have been of essential importance for the development of the quark model in particle physics",Massachusetts Institute of Technology (MIT),1926-12-09,"Boston, MA, USA",USA,
482,Jerome I. Friedman,male,1990,physics,"for their pioneering investigations concerning deep inelastic scattering of electrons on protons and bound neutrons, which have been of essential importance for the development of the quark model in particle physics",Massachusetts Institute of Technology (MIT),1930-03-28,"Chicago, IL, USA",USA,
785,Richard E. Taylor,male,1990,physics,"for their pioneering investigations concerning deep inelastic scattering of electrons on protons and bound neutrons, which have been of essential importance for the development of the quark model in particle physics",Stanford University,1929-11-02,"Medicine Hat, Alberta, Canada",Canada,
227,Elias James Corey,male,1990,chemistry,for his development of the theory and methodology of organic synthesis,Harvard University,1928-07-12,"Methuen, MA, USA",USA,
206,E. Donnall Thomas,male,1990,medicine,for their discoveries concerning organ and cell transplantation in the treatment of human disease,Fred Hutchinson Cancer Research Center,1920-03-15,"Mart, TX, USA",USA,
529,Joseph E. Murray,male,1990,medicine,for their discoveries concerning organ and cell transplantation in the treatment of human disease,Brigham and Women's Hospital,1919-04-01,"Milford, MA, USA",USA,
694,Octavio Paz,male,1990,literature,"for impassioned writing with wide horizons, characterized by sensuous intelligence and humanistic integrity",,1914-03-31,"Mexico City, Mexico",Mexico,
662,Mikhail Sergeyevich Gorbachev,male,1990,peace,for the leading role he played in the radical changes in East-West relations,,1931-03-02,"Privolnoye, USSR (now Russia)",USSR,
379,Harry M. Markowitz,male,1990,economic,for their pioneering work in the theory of financial economics,City University of New York,1927-08-24,"Chicago, IL, USA",USA,
651,Merton H. Miller,male,1990,economic,for their pioneering work in the theory of financial economics,University of Chicago,1923-05-16,"Boston, MA, USA",USA,
996,William F. Sharpe,male,1990,economic,for their pioneering work in the theory of financial economics,Stanford University,1934-06-16,"Boston, MA, USA",USA,
764,Pierre-Gilles de Gennes,male,1991,physics,"for discovering that methods developed for studying order phenomena in simple systems can be generalized to more complex forms of matter, in particular to liquid crystals and polymers",Collège de France,1932-10-24,"Paris, France",France,
793,Richard R. Ernst,male,1991,chemistry,for his contributions to the development of the methodology of high resolution nuclear magnetic resonance (NMR) spectroscopy,Eidgenössische Technische Hochschule (Swiss Federal Institute of Technology),1933-08-14,"Winterthur, Switzerland",Switzerland,
105,Bert Sakmann,male,1991,medicine,for their discoveries concerning the function of single ion channels in cells,Max-Planck-Institut für medizinische Forschung,1942-06-12,"Stuttgart, Germany",Germany,
254,Erwin Neher,male,1991,medicine,for their discoveries concerning the function of single ion channels in cells,Max-Planck-Institut für Biophysikalische Chemie,1944-03-20,"Landsberg, Germany",Germany,
674,Nadine Gordimer,female,1991,literature,who through her magnificent epic writing has - in the words of Alfred Nobel - been of very great benefit to humanity,,1923-11-20,"Springs, South Africa",South Africa,
89,Aung San Suu Kyi,female,1991,peace,for her non-violent struggle for democracy and human rights,,1945-06-19,"Rangoon, Burma (now Yangon, Myanmar)",Burma,
841,Ronald H. Coase,male,1991,economic,for his discovery and clarification of the significance of transaction costs and property rights for the institutional structure and functioning of the economy,University of Chicago,1910-12-29,"Willesden, United Kingdom",United Kingdom,
331,Georges Charpak,male,1992,physics,"for his invention and development of particle detectors, in particular the multiwire proportional chamber",École Supérieure de Physique et Chimie,1924-08-01,"Dabrovica, Poland",Poland,
847,Rudolph A. Marcus,male,1992,chemistry,for his contributions to the theory of electron transfer reactions in chemical systems,California Institute of Technology (Caltech),1923-07-21,"Montreal, Canada",Canada,
210,Edmond H. Fischer,male,1992,medicine,for their discoveries concerning reversible protein phosphorylation as a biological regulatory mechanism,University of Washington,1920-04-06,"Shanghai, China",China,
220,Edwin G. Krebs,male,1992,medicine,for their discoveries concerning reversible protein phosphorylation as a biological regulatory mechanism,University of Washington,1918-06-06,"Lansing, IA, USA",USA,
190,Derek Walcott,male,1992,literature,"for a poetic oeuvre of great luminosity, sustained by a historical vision, the outcome of a multicultural commitment",,1930-01-23,"Castries, Saint Lucia",Saint Lucia,
799,Rigoberta Menchú Tum,female,1992,peace,for her struggle for social justice and ethno-cultural reconciliation based on respect for the rights of indigenous peoples,,1959-01-09,"Aldea Chimel, Guatemala",Guatemala,
307,Gary S. Becker,male,1992,economic,"for having extended the domain of microeconomic analysis to a wide range of human behaviour and interaction, including nonmarket behaviour",University of Chicago,1930-12-02,"Pottsville, PA, USA",USA,
532,Joseph H. Taylor Jr.,male,1993,physics,"for the discovery of a new type of pulsar, a discovery that has opened up new possibilities for the study of gravitation",Princeton University,1941-03-29,"Philadelphia, PA, USA",USA,
849,Russell A. Hulse,male,1993,physics,"for the discovery of a new type of pulsar, a discovery that has opened up new possibilities for the study of gravitation",Princeton University,1950-11-28,"New York, NY, USA",USA,
553,Kary B. Mullis,male,1993,chemistry,for his invention of the polymerase chain reaction (PCR) method,,1944-12-28,"Lenoir, NC, USA",USA,
657,Michael Smith,male,1993,chemistry,"for his fundamental contributions to the establishment of oligonucleotide-based, site-directed mutagenesis and its development for protein studies",University of British Columbia,1932-04-26,"Blackpool, United Kingdom",United Kingdom,
761,Phillip A. Sharp,male,1993,medicine,for their discoveries of split genes,"Massachusetts Institute of Technology (MIT), Center for Cancer Research",1944-06-06,"Falmouth, KY, USA",USA,
789,Richard J. Roberts,male,1993,medicine,for their discoveries of split genes,New England Biolabs,1943-09-06,"Derby, United Kingdom",United Kingdom,
947,Toni Morrison,female,1993,literature,"who in novels characterized by visionary force and poetic import, gives life to an essential aspect of American reality",,1931-02-18,"Lorain, OH, USA",USA,
265,Frederik Willem de Klerk,male,1993,peace,"for their work for the peaceful termination of the apartheid regime, and for laying the foundations for a new democratic South Africa",,1936-03-18,"Johannesburg, South Africa",South Africa,
681,Nelson Rolihlahla Mandela,male,1993,peace,"for their work for the peaceful termination of the apartheid regime, and for laying the foundations for a new democratic South Africa",,1918-07-18,"Mvezo, South Africa",South Africa,
203,Douglass C. North,male,1993,economic,for having renewed research in economic history by applying economic theory and quantitative methods in order to explain economic and institutional change,Washington University,1920-11-05,"Cambridge, MA, USA",USA,
826,Robert W. Fogel,male,1993,economic,for having renewed research in economic history by applying economic theory and quantitative methods in order to explain economic and institutional change,University of Chicago,1927-07-01,"New York, NY, USA",USA,
108,Bertram N. Brockhouse,male,1994,physics,for the development of neutron spectroscopy,McMaster University,1918-07-15,"Lethbridge, Alberta, Canada",Canada,
157,Clifford G. Shull,male,1994,physics,for the development of the neutron diffraction technique,Massachusetts Institute of Technology (MIT),1915-09-23,"Pittsburgh, PA, USA",USA,
314,George A. Olah,male,1994,chemistry,for his contribution to carbocation chemistry,University of Southern California,1927-05-22,"Budapest, Hungary",Hungary,
42,Alfred G. Gilman,male,1994,medicine,for their discovery of G-proteins and the role of these proteins in signal transduction in cells,University of Texas Southwestern Medical Center at Dallas,1941-07-01,"New Haven, CT, USA",USA,
631,Martin Rodbell,male,1994,medicine,for their discovery of G-proteins and the role of these proteins in signal transduction in cells,National Institute of Environmental Health Sciences,1925-12-01,"Baltimore, MD, USA",USA,
560,Kenzaburo Oe,male,1994,literature,"who with poetic force creates an imagined world, where life and myth condense to form a disconcerting picture of the human predicament today",,1935-01-31,"Uchiko, Japan",Japan,
867,Shimon Peres,male,1994,peace,for their efforts to create peace in the Middle East,,1923-08-16,"Vishneva, Poland (now Belarus)",Poland,
1016,Yasser Arafat,male,1994,peace,for their efforts to create peace in the Middle East,,1929-08-24,"Cairo, Egypt",Egypt,
1018,Yitzhak Rabin,male,1994,peace,for their efforts to create peace in the Middle East,,1922-03-01,"Jerusalem, British Mandate of Palestine (now Israel)",British Mandate of Palestine,
497,John C. Harsanyi,male,1994,economic,for their pioneering analysis of equilibria in the theory of non-cooperative games,University of California,1920-05-29,"Budapest, Hungary",Hungary,
508,John F. Nash Jr.,male,1994,economic,for their pioneering analysis of equilibria in the theory of non-cooperative games,Princeton University,1928-06-13,"Bluefield, WV, USA",USA,
779,Reinhard Selten,male,1994,economic,for their pioneering analysis of equilibria in the theory of non-cooperative games,Rheinische Friedrich-Wilhelms-Universität,1930-10-05,"Breslau, Germany (now Wroclaw, Poland)",Germany,
290,Frederick Reines,male,1995,physics,for the detection of the neutrino,University of California,1918-03-16,"Paterson, NJ, USA",USA,
629,Martin L. Perl,male,1995,physics,for the discovery of the tau lepton,Stanford University,1927-06-24,"New York, NY, USA",USA,
264,F. Sherwood Rowland,male,1995,chemistry,"for their work in atmospheric chemistry, particularly concerning the formation and decomposition of ozone",University of California,1927-06-28,"Delaware, OH, USA",USA,
623,Mario J. Molina,male,1995,chemistry,"for their work in atmospheric chemistry, particularly concerning the formation and decomposition of ozone",Massachusetts Institute of Technology (MIT),1943-03-19,"Mexico City, Mexico",Mexico,
731,Paul J. Crutzen,male,1995,chemistry,"for their work in atmospheric chemistry, particularly concerning the formation and decomposition of ozone",Max-Planck-Institut für Chemie,1933-12-03,"Amsterdam, the Netherlands",the Netherlands,
151,Christiane Nüsslein-Volhard,female,1995,medicine,for their discoveries concerning the genetic control of early embryonic development,Max-Planck-Institut für Entwicklungsbiologie,1942-10-20,"Magdeburg, Germany",Germany,
215,Edward B. Lewis,male,1995,medicine,for their discoveries concerning the genetic control of early embryonic development,California Institute of Technology (Caltech),1918-05-20,"Wilkes-Barre, PA, USA",USA,
242,Eric F. Wieschaus,male,1995,medicine,for their discoveries concerning the genetic control of early embryonic development,Princeton University,1947-06-08,"South Bend, IN, USA",USA,
860,Seamus Heaney,male,1995,literature,"for works of lyrical beauty and ethical depth, which exalt everyday miracles and the living past",,1939-04-13,"Casteldàwson, Northern Ireland",Northern Ireland,
534,Joseph Rotblat,male,1995,peace,"for their efforts to diminish the part played by nuclear arms in international politics and, in the longer run, to eliminate such arms",,1908-11-04,"Warsaw, Russian Empire (now Poland)",Russian Empire,
767,Pugwash Conferences on Science and World Affairs,org,1995,peace,"for their efforts to diminish the part played by nuclear arms in international politics and, in the longer run, to eliminate such arms",,,,,
810,Robert E. Lucas Jr.,male,1995,economic,"for having developed and applied the hypothesis of rational expectations, and thereby having transformed macroeconomic analysis and deepened our understanding of economic policy",University of Chicago,1937-09-15,"Yakima, WA, USA",USA,
183,David M. Lee,male,1996,physics,for their discovery of superfluidity in helium-3,Cornell University,1931-01-20,"Rye, NY, USA",USA,
201,Douglas D. Osheroff,male,1996,physics,for their discovery of superfluidity in helium-3,Stanford University,1945-08-01,"Aberdeen, WA, USA",USA,
808,Robert C. Richardson,male,1996,physics,for their discovery of superfluidity in helium-3,Cornell University,1937-06-26,"Washington, D.C., USA",USA,
784,Richard E. Smalley,male,1996,chemistry,for their discovery of fullerenes,Rice University,1943-06-06,"Akron, OH, USA",USA,
811,Robert F. Curl Jr.,male,1996,chemistry,for their discovery of fullerenes,Rice University,1933-08-23,"Alice, TX, USA",USA,
890,Sir Harold W. Kroto,male,1996,chemistry,for their discovery of fullerenes,University of Sussex,1939-10-07,"Wisbech, Cambridgeshire , United Kingdom",United Kingdom,
746,Peter C. Doherty,male,1996,medicine,for their discoveries concerning the specificity of the cell mediated immune defence,St. Jude Children's Research Hospital,1940-10-15,"Brisbane, Australia",Australia,
838,Rolf M. Zinkernagel,male,1996,medicine,for their discoveries concerning the specificity of the cell mediated immune defence,"University of Zurich, Institute of Experimental Immunology",1944-01-06,"Basel, Switzerland",Switzerland,
1008,Wisława Szymborska,female,1996,literature,for poetry that with ironic precision allows the historical and biological context to come to light in fragments of human reality,,1923-07-02,"Bnin (now Kórnik), Poland",Poland,
129,Carlos Filipe Ximenes Belo,male,1996,peace,for their work towards a just and peaceful solution to the conflict in East Timor,,1948-02-03,"Wailacama, East Timor",East Timor,
526,José Ramos-Horta,male,1996,peace,for their work towards a just and peaceful solution to the conflict in East Timor,,1949-12-26,"Dili, East Timor",East Timor,
454,James A. Mirrlees,male,1996,economic,for their fundamental contributions to the economic theory of incentives under asymmetric information,University of Cambridge,1936-07-05,"Minnigaff, Scotland",Scotland,
1004,William Vickrey,male,1996,economic,for their fundamental contributions to the economic theory of incentives under asymmetric information,Columbia University,1914-06-21,"Victoria, BC, Canada",Canada,
154,Claude Cohen-Tannoudji,male,1997,physics,for development of methods to cool and trap atoms with laser light,Collège de France,1933-04-01,"Constantine, French Algeria (now Algeria)",French Algeria,
909,Steven Chu,male,1997,physics,for development of methods to cool and trap atoms with laser light,Stanford University,1948-02-28,"St. Louis, MO, USA",USA,
993,William D. Phillips,male,1997,physics,for development of methods to cool and trap atoms with laser light,National Institute of Standards and Technology,1948-11-05,"Wilkes-Barre, PA, USA",USA,
481,Jens C. Skou,male,1997,chemistry,"for the first discovery of an ion-transporting enzyme, Na+, K+ -ATPase",Aarhus University,1918-10-08,"Lemvig, Denmark",Denmark,
506,John E. Walker,male,1997,chemistry,for their elucidation of the enzymatic mechanism underlying the synthesis of adenosine triphosphate (ATP),MRC Laboratory of Molecular Biology,1941-01-07,"Halifax, United Kingdom",United Kingdom,
726,Paul D. Boyer,male,1997,chemistry,for their elucidation of the enzymatic mechanism underlying the synthesis of adenosine triphosphate (ATP),University of California,1918-07-31,"Provo, UT, USA",USA,
906,Stanley B. Prusiner,male,1997,medicine,for his discovery of Prions - a new biological principle of infection,University of California School of Medicine,1942-05-28,"Des Moines, IA, USA",USA,
173,Dario Fo,male,1997,literature,who emulates the jesters of the Middle Ages in scourging authority and upholding the dignity of the downtrodden,,1926-03-24,"Leggiuno-Sangiano, Italy",Italy,
424,International Campaign to Ban Landmines,org,1997,peace,for their work for the banning and clearing of anti-personnel mines,,,,,
486,Jody Williams,female,1997,peace,for their work for the banning and clearing of anti-personnel mines,,1950-10-09,"Rutland, VT, USA",USA,
672,Myron S. Scholes,male,1997,economic,for a new method to determine the value of derivatives,Long Term Capital Management,1941-07-01,"Timmins, ON, Canada",Canada,
807,Robert C. Merton,male,1997,economic,for a new method to determine the value of derivatives,Harvard University,1944-07-31,"New York, NY, USA",USA,
169,Daniel C. Tsui,male,1998,physics,for their discovery of a new form of quantum fluid with fractionally charged excitations,Princeton University,1939-02-28,"Henan, China",China,
412,Horst L. Störmer,male,1998,physics,for their discovery of a new form of quantum fluid with fractionally charged excitations,Columbia University,1949-04-06,"Frankfurt-on-the-Main, West Germany (now Germany)",West Germany,
803,Robert B. Laughlin,male,1998,physics,for their discovery of a new form of quantum fluid with fractionally charged excitations,Stanford University,1950-11-01,"Visalia, CA, USA",USA,
519,John A. Pople,male,1998,chemistry,for his development of computational methods in quantum chemistry,Northwestern University,1925-10-31,"Burnham-on-Sea, United Kingdom",United Kingdom,
972,Walter Kohn,male,1998,chemistry,for his development of the density-functional theory,University of California,1923-03-09,"Vienna, Austria",Austria,
271,Ferid Murad,male,1998,medicine,for their discoveries concerning nitric oxide as a signalling molecule in the cardiovascular system,University of Texas Medical School at Houston,1936-09-14,"Whiting, IN, USA",USA,
603,Louis J. Ignarro,male,1998,medicine,for their discoveries concerning nitric oxide as a signalling molecule in the cardiovascular system,University of California School of Medicine,1941-05-31,"Brooklyn, NY, USA",USA,
813,Robert F. Furchgott,male,1998,medicine,for their discoveries concerning nitric oxide as a signalling molecule in the cardiovascular system,SUNY Health Science Center,1916-06-04,"Charleston, SC, USA",USA,
527,José Saramago,male,1998,literature,"who with parables sustained by imagination, compassion and irony continually enables us once again to apprehend an elusory reality",,1922-11-16,"Azinhaga, Portugal",Portugal,
184,David Trimble,male,1998,peace,for their efforts to find a peaceful solution to the conflict in Northern Ireland,,1944-10-15,"Belfast, Northern Ireland",Northern Ireland,
512,John Hume,male,1998,peace,for their efforts to find a peaceful solution to the conflict in Northern Ireland,,1937-01-18,"Londonderry, Northern Ireland",Northern Ireland,
51,Amartya Sen,male,1998,economic,for his contributions to welfare economics,Trinity College,1933-11-03,"Santiniketan, India",India,
337,Gerardus 't Hooft,male,1999,physics,for elucidating the quantum structure of electroweak interactions in physics,Utrecht University,1946-07-05,"Den Helder, the Netherlands",the Netherlands,
633,Martinus J.G. Veltman,male,1999,physics,for elucidating the quantum structure of electroweak interactions in physics,,1931-06-27,"Waalwijk, the Netherlands",the Netherlands,
15,Ahmed H. Zewail,male,1999,chemistry,for his studies of the transition states of chemical reactions using femtosecond spectroscopy,California Institute of Technology (Caltech),1946-02-26,"Damanhur, Egypt",Egypt,
357,Günter Blobel,male,1999,medicine,for the discovery that proteins have intrinsic signals that govern their transport and localization in the cell,Rockefeller University,1936-05-21,"Waltersdorf, Germany (now Niegoslawice, Poland)",Germany,
358,Günter Grass,male,1999,literature,whose frolicsome black fables portray the forgotten face of history,,1927-10-16,"Danzig, Free City of Danzig (now Gdansk, Poland)",Free City of Danzig,
195,Doctors Without Borders,org,1999,peace,in recognition of the organisation's pioneering humanitarian work on several continents,,,,,
823,Robert A. Mundell,male,1999,economic,for his analysis of monetary and fiscal policy under different exchange rate regimes and his analysis of optimum currency areas,Columbia University,1932-10-24,"Kingston, ON, Canada",Canada,
401,Herbert Kroemer,male,2000,physics,for developing semiconductor heterostructures used in high-speed- and opto-electronics,University of California,1928-08-25,"Weimar, Germany",Germany,
448,Jack S. Kilby,male,2000,physics,for his part in the invention of the integrated circuit,Texas Instruments,1923-11-08,"Jefferson City, MO, USA",USA,
1023,Zhores I. Alferov,male,2000,physics,for developing semiconductor heterostructures used in high-speed- and opto-electronics,A.F. Ioffe Physico-Technical Institute,1930-03-15,"Vitebsk, Belorussia, USSR (now Belarus)",USSR,
20,Alan J. Heeger,male,2000,chemistry,for the discovery and development of conductive polymers,University of California,1936-01-22,"Sioux City, IA, USA",USA,
22,Alan G. MacDiarmid,male,2000,chemistry,for the discovery and development of conductive polymers,University of Pennsylvania,1927-04-14,"Masterton, New Zealand",New Zealand,
408,Hideki Shirakawa,male,2000,chemistry,for the discovery and development of conductive polymers,University of Tsukuba,1936-08-20,"Tokyo, Japan",Japan,
86,Arvid Carlsson,male,2000,medicine,for their discoveries concerning signal transduction in the nervous system,Göteborg University,1923-01-25,"Uppsala, Sweden",Sweden,
243,Eric R. Kandel,male,2000,medicine,for their discoveries concerning signal transduction in the nervous system,Columbia University,1929-11-07,"Vienna, Austria",Austria,
728,Paul Greengard,male,2000,medicine,for their discoveries concerning signal transduction in the nervous system,Rockefeller University,1925-12-11,"New York, NY, USA",USA,
306,Gao Xingjian,male,2000,literature,"for an œuvre of universal validity, bitter insights and linguistic ingenuity, which has opened new paths for the Chinese novel and drama",,1940-01-04,"Ganzhou, China",China,
561,Kim Dae-jung,male,2000,peace,"for his work for democracy and human rights in South Korea and in East Asia in general, and for peace and reconciliation with North Korea in particular",,1924-01-08,"Mokpo, Korea (now South Korea)",Korea,
171,Daniel L. McFadden,male,2000,economic,for his development of theory and methods for analyzing discrete choice,University of California,1937-07-29,"Raleigh, NC, USA",USA,
462,James J. Heckman,male,2000,economic,for his development of theory and methods for analyzing selective samples,University of Chicago,1944-04-19,"Chicago, IL, USA",USA,
127,Carl E. Wieman,male,2001,physics,"for the achievement of Bose-Einstein condensation in dilute gases of alkali atoms, and for early fundamental studies of the properties of the condensates","University of Colorado, JILA",1951-03-26,"Corvallis, OR, USA",USA,
241,Eric A. Cornell,male,2001,physics,"for the achievement of Bose-Einstein condensation in dilute gases of alkali atoms, and for early fundamental studies of the properties of the condensates","University of Colorado, JILA",1961-12-19,"Palo Alto, CA, USA",USA,
1011,Wolfgang Ketterle,male,2001,physics,"for the achievement of Bose-Einstein condensation in dilute gases of alkali atoms, and for early fundamental studies of the properties of the condensates",Massachusetts Institute of Technology (MIT),1957-10-21,"Heidelberg, West Germany (now Germany)",West Germany,
545,K. Barry Sharpless,male,2001,chemistry,for his work on chirally catalysed oxidation reactions,The Scripps Research Institute,1941-04-28,"Philadelphia, PA, USA",USA,
850,Ryoji Noyori,male,2001,chemistry,for their work on chirally catalysed hydrogenation reactions,Nagoya University,1938-09-03,"Kobe, Japan",Japan,
1001,William S. Knowles,male,2001,chemistry,for their work on chirally catalysed hydrogenation reactions,,1917-06-01,"Taunton, MA, USA",USA,
581,Leland H. Hartwell,male,2001,medicine,for their discoveries of key regulators of the cell cycle,Fred Hutchinson Cancer Research Center,1939-10-30,"Los Angeles, CA, USA",USA,
900,Sir Paul M. Nurse,male,2001,medicine,for their discoveries of key regulators of the cell cycle,Imperial Cancer Research Fund,1949-01-25,"Norwich, United Kingdom",United Kingdom,
942,Tim Hunt,male,2001,medicine,for their discoveries of key regulators of the cell cycle,Imperial Cancer Research Fund,1943-02-19,"Neston, United Kingdom",United Kingdom,
957,Sir Vidiadhar Surajprasad Naipaul,male,2001,literature,for having united perceptive narrative and incorruptible scrutiny in works that compel us to see the presence of suppressed histories,,1932-08-17,"Chaguanas, Trinidad and Tobago",Trinidad and Tobago,
567,Kofi Atta Annan,male,2001,peace,for their work for a better organized and more peaceful world,,1938-04-08,"Kumasi, Gold Coast (now Ghana)",Gold Coast,
954,United Nations,org,2001,peace,for their work for a better organized and more peaceful world,,,,,
1,A. Michael Spence,male,2001,economic,for their analyses of markets with asymmetric information,Stanford University,1943-11-07,"Montclair, NJ, USA",USA,
313,George A. Akerlof,male,2001,economic,for their analyses of markets with asymmetric information,University of California,1940-06-17,"New Haven, CT, USA",USA,
530,Joseph E. Stiglitz,male,2001,economic,for their analyses of markets with asymmetric information,Columbia University,1943-02-09,"Gary, IN, USA",USA,
636,Masatoshi Koshiba,male,2002,physics,"for pioneering contributions to astrophysics, in particular for the detection of cosmic neutrinos",University of Tokyo,1926-09-19,"Toyohashi, Japan",Japan,
777,Raymond Davis Jr.,male,2002,physics,"for pioneering contributions to astrophysics, in particular for the detection of cosmic neutrinos",University of Pennsylvania,1914-10-14,"Washington, D.C., USA",USA,
782,Riccardo Giacconi,male,2002,physics,"for pioneering contributions to astrophysics, which have led to the discovery of cosmic X-ray sources",Associated Universities Inc.,1931-10-06,"Genoa, Italy",Italy,
493,John B. Fenn,male,2002,chemistry,for their development of soft desorption ionisation methods for mass spectrometric analyses of biological macromolecules,Virginia Commonwealth University,1917-06-15,"New York, NY, USA",USA,
568,Koichi Tanaka,male,2002,chemistry,for their development of soft desorption ionisation methods for mass spectrometric analyses of biological macromolecules,Shimadzu Corp.,1959-08-03,"Toyama City, Japan",Japan,
573,Kurt Wüthrich,male,2002,chemistry,for his development of nuclear magnetic resonance spectroscopy for determining the three-dimensional structure of biological macromolecules in solution,Eidgenössische Technische Hochschule (Swiss Federal Institute of Technology),1938-10-04,"Aarberg, Switzerland",Switzerland,
364,H. Robert Horvitz,male,2002,medicine,for their discoveries concerning genetic regulation of organ development and programmed cell death,Massachusetts Institute of Technology (MIT),1947-05-08,"Chicago, IL, USA",USA,
505,John E. Sulston,male,2002,medicine,for their discoveries concerning genetic regulation of organ development and programmed cell death,The Wellcome Trust Sanger Institute,1942-03-27,"Fulmer, United Kingdom",United Kingdom,
919,Sydney Brenner,male,2002,medicine,for their discoveries concerning genetic regulation of organ development and programmed cell death,The Molecular Sciences Institute,1927-01-13,"Germiston, South Africa",South Africa,
419,Imre Kertész,male,2002,literature,for writing that upholds the fragile experience of the individual against the barbaric arbitrariness of history,,1929-11-09,"Budapest, Hungary",Hungary,
484,James Earl Carter,male,2002,peace,"for his decades of untiring effort to find peaceful solutions to international conflicts, to advance democracy and human rights, and to promote economic and social development",,1924-10-01,"Plains, GA, USA",USA,
170,Daniel Kahneman,male,2002,economic,"for having integrated insights from psychological research into economic science, especially concerning human judgment and decision-making under uncertainty",Princeton University,1934-03-05,"Tel Aviv, British Mandate of Palestine (now Israel)",British Mandate of Palestine,
961,Vernon L. Smith,male,2002,economic,"for having established laboratory experiments as a tool in empirical economic analysis, especially in the study of alternative market mechanisms",George Mason University,1927-01-01,"Wichita, KS, USA",USA,
37,Alexei Alexeyevich Abrikosov,male,2003,physics,for pioneering contributions to the theory of superconductors and superfluids,Argonne National Laboratory,1928-06-25,"Moscow, USSR (now Russia)",USSR,
67,Anthony J. Leggett,male,2003,physics,for pioneering contributions to the theory of superconductors and superfluids,University of Illinois,1938-03-26,"London, United Kingdom",United Kingdom,
967,Vitaly Lazarevich Ginzburg,male,2003,physics,for pioneering contributions to the theory of superconductors and superfluids,P.N. Lebedev Physical Institute,1916-10-04,"Moscow, Russia",Russia,
745,Peter Agre,male,2003,chemistry,for the discovery of water channels,Johns Hopkins University School of Medicine,1949-01-30,"Northfield, MN, USA",USA,
829,Roderick MacKinnon,male,2003,chemistry,for structural and mechanistic studies of ion channels,Rockefeller University,1956-02-19,"Burlington, MA, USA",USA,
725,Paul C. Lauterbur,male,2003,medicine,for their discoveries concerning magnetic resonance imaging,University of Illinois,1929-05-06,"Sidney, OH, USA",USA,
902,Sir Peter Mansfield,male,2003,medicine,for their discoveries concerning magnetic resonance imaging,"University of Nottingham, School of Physics and Astronomy",1933-10-09,"London, United Kingdom",United Kingdom,
442,John M. Coetzee,male,2003,literature,who in innumerable guises portrays the surprising involvement of the outsider,,1940-02-09,"Cape Town, South Africa",South Africa,
870,Shirin Ebadi,female,2003,peace,for her efforts for democracy and human rights. She has focused especially on the struggle for the rights of women and children,,1947-06-21,"Hamadan, Iran",Iran,
159,Clive W.J. Granger,male,2003,economic,for methods of analyzing economic time series with common trends (cointegration),University of California,1934-09-04,"Swansea, United Kingdom",United Kingdom,
812,Robert F. Engle III,male,2003,economic,for methods of analyzing economic time series with time-varying volatility (ARCH),New York University,1942-11-10,"Syracuse, NY, USA",USA,
179,David J. Gross,male,2004,physics,for the discovery of asymptotic freedom in the theory of the strong interaction,"University of California, Kavli Institute for Theoretical Physics",1941-02-19,"Washington, D.C., USA",USA,
282,Frank Wilczek,male,2004,physics,for the discovery of asymptotic freedom in the theory of the strong interaction,Massachusetts Institute of Technology (MIT),1951-05-15,"New York, NY, USA",USA,
362,H. David Politzer,male,2004,physics,for the discovery of asymptotic freedom in the theory of the strong interaction,California Institute of Technology (Caltech),1949-08-31,"New York, NY, USA",USA,
3,Aaron Ciechanover,male,2004,chemistry,for the discovery of ubiquitin-mediated protein degradation,Technion - Israel Institute of Technology,1947-10-01,"Haifa, British Protectorate of Palestine (now Israel)",British Protectorate of Palestine,
90,Avram Hershko,male,2004,chemistry,for the discovery of ubiquitin-mediated protein degradation,Technion - Israel Institute of Technology,1937-12-31,"Karcag, Hungary",Hungary,
432,Irwin Rose,male,2004,chemistry,for the discovery of ubiquitin-mediated protein degradation,University of California,1926-07-16,"Brooklyn, NY, USA",USA,
593,Linda B. Buck,female,2004,medicine,for their discoveries of odorant receptors and the organization of the olfactory system,Fred Hutchinson Cancer Research Center,1947-01-29,"Seattle, WA, USA",USA,
783,Richard Axel,male,2004,medicine,for their discoveries of odorant receptors and the organization of the olfactory system,Columbia University,1946-07-02,"New York, NY, USA",USA,
225,Elfriede Jelinek,female,2004,literature,for her musical flow of voices and counter-voices in novels and plays that with extraordinary linguistic zeal reveal the absurdity of society's clich&eacute;s and their subjugating power,,1946-10-20,"Mürzzuschlag, Austria",Austria,
975,Wangari Muta Maathai,female,2004,peace,"for her contribution to sustainable development, democracy and peace",,1940-04-01,"Nyeri, Kenya",Kenya,
217,Edward C. Prescott,male,2004,economic,for their contributions to dynamic macroeconomics: the time consistency of economic policy and the driving forces behind business cycles,Arizona State University,1940-12-26,"Glens Falls, NY, USA",USA,
272,Finn E. Kydland,male,2004,economic,for their contributions to dynamic macroeconomics: the time consistency of economic policy and the driving forces behind business cycles,Carnegie Mellon University,1943-12-01,"Gjesdal, Norway",Norway,
515,John L. Hall,male,2005,physics,"for their contributions to the development of laser-based precision spectroscopy, including the optical frequency comb technique","University of Colorado, JILA",1934-08-21,"Denver, CO, USA",USA,
844,Roy J. Glauber,male,2005,physics,for his contribution to the quantum theory of optical coherence,Harvard University,1925-09-01,"New York, NY, USA",USA,
930,Theodor W. Hänsch,male,2005,physics,"for their contributions to the development of laser-based precision spectroscopy, including the optical frequency comb technique",Max Planck Institute of Quantum Optics,1941-10-30,"Heidelberg, Germany",Germany,
794,Richard R. Schrock,male,2005,chemistry,for the development of the metathesis method in organic synthesis,Massachusetts Institute of Technology (MIT),1945-01-04,"Berne, IN, USA",USA,
815,Robert H. Grubbs,male,2005,chemistry,for the development of the metathesis method in organic synthesis,California Institute of Technology (Caltech),1942-02-27,"Possum Trot, KY, USA",USA,
1022,Yves Chauvin,male,2005,chemistry,for the development of the metathesis method in organic synthesis,Institut Français du Pétrole,1930-10-10,"Menin, Belgium",Belgium,
95,Barry J. Marshall,male,2005,medicine,for their discovery of the bacterium <i>Helicobacter pylori</i> and its role in gastritis and peptic ulcer disease,"NHMRC Helicobacter pylori Research Laboratory, QEII Medical Centre",1951-09-30,"Kalgoorlie, Australia",Australia,
445,J. Robin Warren,male,2005,medicine,for their discovery of the bacterium <i>Helicobacter pylori</i> and its role in gastritis and peptic ulcer disease,,1937-06-11,"Adelaide, Australia",Australia,
378,Harold Pinter,male,2005,literature,who in his plays uncovers the precipice under everyday prattle and forces entry into oppression's closed rooms,,1930-10-10,"London, United Kingdom",United Kingdom,
422,International Atomic Energy Agency,org,2005,peace,for their efforts to prevent nuclear energy from being used for military purposes and to ensure that nuclear energy for peaceful purposes is used in the safest possible way,,,,,
666,Mohamed ElBaradei,male,2005,peace,for their efforts to prevent nuclear energy from being used for military purposes and to ensure that nuclear energy for peaceful purposes is used in the safest possible way,,1942-06-17,"Cairo, Egypt",Egypt,
818,Robert J. Aumann,male,2005,economic,for having enhanced our understanding of conflict and cooperation through game-theory analysis,"University of Jerusalem, Center for RationalityHebrew",1930-06-08,"Frankfurt-on-the-Main, Germany",Germany,
935,Thomas C. Schelling,male,2005,economic,for having enhanced our understanding of conflict and cooperation through game-theory analysis,"University of Maryland, Department of Economics and School of Public Policy",1921-04-14,"Oakland, CA, USA",USA,
322,George F. Smoot,male,2006,physics,for their discovery of the blackbody form and anisotropy of the cosmic microwave background radiation,University of California,1945-02-20,"Yukon, FL, USA",USA,
499,John C. Mather,male,2006,physics,for their discovery of the blackbody form and anisotropy of the cosmic microwave background radiation,NASA Goddard Space Flight Center,1946-08-07,"Roanoke, VA, USA",USA,
832,Roger D. Kornberg,male,2006,chemistry,for his studies of the molecular basis of eukaryotic transcription,Stanford University,1947-04-24,"St. Louis, MO, USA",USA,
63,Andrew Z. Fire,male,2006,medicine,for their discovery of RNA interference - gene silencing by double-stranded RNA,Stanford University School of Medicine,1959-04-27,"Stanford, CA, USA",USA,
162,Craig C. Mello,male,2006,medicine,for their discovery of RNA interference - gene silencing by double-stranded RNA,University of Massachusetts Medical School,1960-10-18,"New Haven, CT, USA",USA,
705,Orhan Pamuk,male,2006,literature,who in the quest for the melancholic soul of his native city has discovered new symbols for the clash and interlacing of cultures,,1952-06-07,"Istanbul, Turkey",Turkey,
351,Grameen Bank,org,2006,peace,for their efforts to create economic and social development from below,,,,,
670,Muhammad Yunus,male,2006,peace,for their efforts to create economic and social development from below,,1940-06-28,"Chittagong, British India (now Bangladesh)",British India,
211,Edmund S. Phelps,male,2006,economic,for his analysis of intertemporal tradeoffs in macroeconomic policy,Columbia University,1933-07-26,"Evanston, IL, USA",USA,
27,Albert Fert,male,2007,physics,for the discovery of Giant Magnetoresistance,Universit&eacute; Paris-Sud,1938-03-07,"Carcassonne, France",France,
748,Peter Grünberg,male,2007,physics,for the discovery of Giant Magnetoresistance,Forschungszentrum J&uuml;lich,1939-05-18,"Plzen, Czechoslovakia (now Czech Republic)",Czechoslovakia,
340,Gerhard Ertl,male,2007,chemistry,for his studies of chemical processes on solid surfaces,Fritz-Haber-Institut der Max-Planck-Gesellschaft,1936-10-10,"Bad Cannstatt, Germany",Germany,
624,Mario R. Capecchi,male,2007,medicine,for their discoveries of principles for introducing specific gene modifications in mice by the use of embryonic stem cells,University of Utah,1937-10-06,"Verona, Italy",Italy,
702,Oliver Smithies,male,2007,medicine,for their discoveries of principles for introducing specific gene modifications in mice by the use of embryonic stem cells,University of North Carolina,1925-06-23,"Halifax, United Kingdom",United Kingdom,
897,Sir Martin J. Evans,male,2007,medicine,for their discoveries of principles for introducing specific gene modifications in mice by the use of embryonic stem cells,Cardiff University,1941-01-01,"Stroud, United Kingdom",United Kingdom,
199,Doris Lessing,female,2007,literature,"that epicist of the female experience, who with scepticism, fire and visionary power has subjected a divided civilisation to scrutiny",,1919-10-22,"Kermanshah, Persia (now Iran)",Persia,
18,Albert Arnold (Al) Gore Jr.,male,2007,peace,"for their efforts to build up and disseminate greater knowledge about man-made climate change, and to lay the foundations for the measures that are needed to counteract such change",,1948-03-31,"Washington, D.C., USA",USA,
421,Intergovernmental Panel on Climate Change,org,2007,peace,"for their efforts to build up and disseminate greater knowledge about man-made climate change, and to lay the foundations for the measures that are needed to counteract such change",,,,,
244,Eric S. Maskin,male,2007,economic,for having laid the foundations of mechanism design theory,Institute for Advanced Study,1950-12-12,"New York, NY, USA",USA,
587,Leonid Hurwicz,male,2007,economic,for having laid the foundations of mechanism design theory,University of Minnesota,1917-08-21,"Moscow, Russia",Russia,
831,Roger B. Myerson,male,2007,economic,for having laid the foundations of mechanism design theory,University of Chicago,1951-03-29,"Boston, MA, USA",USA,
614,Makoto Kobayashi,male,2008,physics,for the discovery of the origin of the broken symmetry which predicts the existence of at least three families of quarks in nature,High Energy Accelerator Research Organization (KEK),1944-04-07,"Nagoya, Japan",Japan,
949,Toshihide Maskawa,male,2008,physics,for the discovery of the origin of the broken symmetry which predicts the existence of at least three families of quarks in nature,Kyoto Sangyo University,1940-02-07,"Nagoya, Japan",Japan,
1019,Yoichiro Nambu,male,2008,physics,for the discovery of the mechanism of spontaneous broken symmetry in subatomic physics,"Enrico Fermi Institute, University of Chicago",1921-01-18,"Tokyo, Japan",Japan,
627,Martin Chalfie,male,2008,chemistry,"for the discovery and development of the green fluorescent protein, GFP",Columbia University,1947-01-15,"Chicago, IL, USA",USA,
706,Osamu Shimomura,male,2008,chemistry,"for the discovery and development of the green fluorescent protein, GFP",Marine Biological Laboratory (MBL),1928-08-27,"Kyoto, Japan",Japan,
837,Roger Y. Tsien,male,2008,chemistry,"for the discovery and development of the green fluorescent protein, GFP",University of California,1952-02-01,"New York, NY, USA",USA,
280,Françoise Barré-Sinoussi,female,2008,medicine,for their discovery of human immunodeficiency virus,"Regulation of Retroviral Infections Unit, Virology Department, Institut Pasteur",1947-07-30,"Paris, France",France,
375,Harald zur Hausen,male,2008,medicine,for his discovery of human papilloma viruses causing cervical cancer,German Cancer Research Center,1936-03-11,"Gelsenkirchen, Germany",Germany,
607,Luc Montagnier,male,2008,medicine,for their discovery of human immunodeficiency virus,World Foundation for AIDS Research and Prevention,1932-08-18,"Chabris, France",France,
476,Jean-Marie Gustave Le Clézio,male,2008,literature,"author of new departures, poetic adventure and sensual ecstasy, explorer of a humanity beyond and below the reigning civilization",,1940-04-13,"Nice, France",France,
634,Martti Ahtisaari,male,2008,peace,"for his important efforts, on several continents and over more than three decades, to resolve international conflicts",,1937-06-23,"Viipuri (now Vyborg), Finland",Finland,
734,Paul Krugman,male,2008,economic,for his analysis of trade patterns and location of economic activity,Princeton University,1953-02-28,"New York, NY, USA",USA,
142,Charles Kuen Kao,male,2009,physics,for groundbreaking achievements concerning the transmission of light in fibers for optical communication,Standard Telecommunication Laboratories,1933-11-04,"Shanghai, China",China,
321,George E. Smith,male,2009,physics,for the invention of an imaging semiconductor circuit - the CCD sensor,Bell Laboratories,1930-05-10,"White Plains, NY, USA",USA,
985,Willard S. Boyle,male,2009,physics,for the invention of an imaging semiconductor circuit - the CCD sensor,Bell Laboratories,1924-08-19,"Amherst, NS, Canada",Canada,
9,Ada E. Yonath,female,2009,chemistry,for studies of the structure and function of the ribosome,Weizmann Institute of Science,1939-06-22,"Jerusalem, British Mandate of Palestine (now Israel)",British Mandate of Palestine,
934,Thomas A. Steitz,male,2009,chemistry,for studies of the structure and function of the ribosome,Yale University,1940-08-23,"Milwaukee, WI, USA",USA,
959,Venkatraman Ramakrishnan,male,2009,chemistry,for studies of the structure and function of the ribosome,MRC Laboratory of Molecular Biology,1952-00-00,"Chidambaram, Tamil Nadu, India",India,
131,Carol W. Greider,female,2009,medicine,for the discovery of how chromosomes are protected by telomeres and the enzyme telomerase,Johns Hopkins University School of Medicine,1961-04-15,"San Diego, CA, USA",USA,
232,Elizabeth H. Blackburn,female,2009,medicine,for the discovery of how chromosomes are protected by telomeres and the enzyme telomerase,University of California,1948-11-26,"Hobart, Tasmania, Australia",Australia,
450,Jack W. Szostak,male,2009,medicine,for the discovery of how chromosomes are protected by telomeres and the enzyme telomerase,Harvard Medical School,1952-11-09,"London, United Kingdom",United Kingdom,
407,Herta Müller,female,2009,literature,"who, with the concentration of poetry and the frankness of prose, depicts the landscape of the dispossessed",,1953-08-17,"Nitzkydorf, Banat, Romania",Romania,
92,Barack Hussein Obama,male,2009,peace,for his extraordinary efforts to strengthen international diplomacy and cooperation between peoples,,1961-08-04,"Honolulu, HI, USA",USA,
231,Elinor Ostrom,female,2009,economic,"for her analysis of economic governance, especially the commons",Indiana University,1933-08-07,"Los Angeles, CA, USA",USA,
700,Oliver E. Williamson,male,2009,economic,"for his analysis of economic governance, especially the boundaries of the firm",University of California,1932-09-27,"Superior, WI, USA",USA,
56,Andre Geim,male,2010,physics,for groundbreaking experiments regarding the two-dimensional material graphene,University of Manchester,1958-10-21,"Sochi, Russia",Russia,
571,Konstantin Novoselov,male,2010,physics,for groundbreaking experiments regarding the two-dimensional material graphene,University of Manchester,1974-08-23,"Nizhny Tagil, Russia",Russia,
16,Akira Suzuki,male,2010,chemistry,for palladium-catalyzed cross couplings in organic synthesis,Hokkaido University,1930-09-12,"Mukawa, Japan",Japan,
223,Ei-ichi Negishi,male,2010,chemistry,for palladium-catalyzed cross couplings in organic synthesis,Purdue University,1935-07-14,"Changchun, China",China,
786,Richard F. Heck,male,2010,chemistry,for palladium-catalyzed cross couplings in organic synthesis,University of Delaware,1931-08-15,"Springfield, MA, USA",USA,
814,Robert G. Edwards,male,2010,medicine,for the development of in vitro fertilization,University of Cambridge,1925-09-27,"Batley, United Kingdom",United Kingdom,
625,Mario Vargas Llosa,male,2010,literature,"for his cartography of structures of power and his trenchant images of the individual's resistance, revolt, and defeat",,1936-03-28,"Arequipa, Peru",Peru,
596,Liu Xiaobo,male,2010,peace,for his long and non-violent struggle for fundamental human rights in China,,1955-12-28,"Changchun, China",China,
152,Christopher A. Pissarides,male,2010,economic,for their analysis of markets with search frictions,London School of Economics and Political Science,1948-02-20,"Nicosia, Cyprus",Cyprus,
166,Dale T. Mortensen,male,2010,economic,for their analysis of markets with search frictions,Northwestern University,1939-02-02,"Enterprise, OR, USA",USA,
744,Peter A. Diamond,male,2010,economic,for their analysis of markets with search frictions,Massachusetts Institute of Technology (MIT),1940-04-29,"New York, NY, USA",USA,
10,Adam G. Riess,male,2011,physics,for the discovery of the accelerating expansion of the Universe through observations of distant supernovae,Johns Hopkins University,1969-12-16,"Washington, D.C., USA",USA,
115,Brian P. Schmidt,male,2011,physics,for the discovery of the accelerating expansion of the Universe through observations of distant supernovae,Australian National University,1967-02-24,"Missoula, MT, USA",USA,
859,Saul Perlmutter,male,2011,physics,for the discovery of the accelerating expansion of the Universe through observations of distant supernovae,Lawrence Berkeley National Laboratory,1959-00-00,"Champaign-Urbana, IL, USA",USA,
167,Dan Shechtman,male,2011,chemistry,for the discovery of quasicrystals,Technion - Israel Institute of Technology,1941-01-24,"Tel Aviv, British Mandate of Palestine (now Israel)",British Mandate of Palestine,
116,Bruce A. Beutler,male,2011,medicine,for their discoveries concerning the activation of innate immunity,University of Texas Southwestern Medical Center at Dallas,1957-12-29,"Chicago, IL, USA",USA,
539,Jules A. Hoffmann,male,2011,medicine,for their discoveries concerning the activation of innate immunity,University of Strasbourg,1941-08-02,"Echternach, Luxembourg",Luxembourg,
774,Ralph M. Steinman,male,2011,medicine,for his discovery of the dendritic cell and its role in adaptive immunity,Rockefeller University,1943-01-14,"Montreal, Canada",Canada,
946,Tomas Tranströmer,male,2011,literature,"because, through his condensed, translucent images, he gives us fresh access to reality",,1931-04-15,"Stockholm, Sweden",Sweden,
233,Ellen Johnson Sirleaf,female,2011,peace,for their non-violent struggle for the safety of women and for women's rights to full participation in peace-building work,,1938-10-29,"Monrovia, Liberia",Liberia,
592,Leymah Gbowee,female,2011,peace,for their non-violent struggle for the safety of women and for women's rights to full participation in peace-building work,,1972-02-01,"Monrovia, Liberia",Liberia,
925,Tawakkol Karman,female,2011,peace,for their non-violent struggle for the safety of women and for women's rights to full participation in peace-building work,,1979-02-07,"Ta'izz, Yemen",Yemen,
153,Christopher A. Sims,male,2011,economic,for their empirical research on cause and effect in the macroeconomy,Princeton University,1942-10-21,"Washington, D.C., USA",USA,
939,Thomas J. Sargent,male,2011,economic,for their empirical research on cause and effect in the macroeconomy,New York University,1943-07-19,"Pasadena, CA, USA",USA,
181,David J. Wineland,male,2012,physics,for ground-breaking experimental methods that enable measuring and manipulation of individual quantum systems,National Institute of Standards and Technology,1944-02-24,"Milwaukee, WI, USA",USA,
864,Serge Haroche,male,2012,physics,for ground-breaking experimental methods that enable measuring and manipulation of individual quantum systems,Collège de France,1944-09-11,"Casablanca, Morocco",Morocco,
114,Brian K. Kobilka,male,2012,chemistry,for studies of G-protein-coupled receptors,Stanford University School of Medicine,1955-05-30,"Little Falls, MN, USA",USA,
819,Robert J. Lefkowitz,male,2012,chemistry,for studies of G-protein-coupled receptors,Howard Hughes Medical Institute,1943-04-15,"New York, NY, USA",USA,
869,Shinya Yamanaka,male,2012,medicine,for the discovery that mature cells can be reprogrammed to become pluripotent,Kyoto University,1962-09-04,"Osaka, Japan",Japan,
895,Sir John B. Gurdon,male,2012,medicine,for the discovery that mature cells can be reprogrammed to become pluripotent,Gurdon Institute,1933-10-02,"Dippenhall, United Kingdom",United Kingdom,
665,Mo Yan,male,2012,literature,"who with hallucinatory realism merges folk tales, history and the contemporary",,1956-03-25,"Gaomi, China",China,
261,European Union,org,2012,peace,"for over six decades contributed to the advancement of peace and reconciliation, democracy and human rights in Europe",,,,,
50,Alvin E. Roth,male,2012,economic,for the theory of stable allocations and the practice of market design,Harvard University,1951-12-18,"New York, NY, USA",USA,
597,Lloyd S. Shapley,male,2012,economic,for the theory of stable allocations and the practice of market design,University of California,1923-06-02,"Cambridge, MA, USA",USA,
277,François Englert,male,2013,physics,"for the theoretical discovery of a mechanism that contributes to our understanding of the origin of mass of subatomic particles, and which recently was confirmed through the discovery of the predicted fundamental particle, by the ATLAS and CMS experiments at CERN's Large Hadron Collider",Université Libre de Bruxelles,1932-11-06,"Etterbeek, Belgium",Belgium,
750,Peter W. Higgs,male,2013,physics,"for the theoretical discovery of a mechanism that contributes to our understanding of the origin of mass of subatomic particles, and which recently was confirmed through the discovery of the predicted fundamental particle, by the ATLAS and CMS experiments at CERN's Large Hadron Collider",University of Edinburgh,1929-05-29,"Newcastle upon Tyne, United Kingdom",United Kingdom,
74,Arieh Warshel,male,2013,chemistry,for the development of multiscale models for complex chemical systems,University of Southern California,1940-11-20,"Kibbutz Sde-Nahum, British Mandate of Palestine (now Israel)",British Mandate of Palestine,
628,Martin Karplus,male,2013,chemistry,for the development of multiscale models for complex chemical systems,Université de Strasbourg,1930-03-15,"Vienna, Austria",Austria,
654,Michael Levitt,male,2013,chemistry,for the development of multiscale models for complex chemical systems,Stanford University School of Medicine,1947-05-09,"Pretoria, South Africa",South Africa,
460,James E. Rothman,male,2013,medicine,"for their discoveries of machinery regulating vesicle traffic, a major transport system in our cells",Yale University,1950-11-03,"Haverhill, MA, USA",USA,
776,Randy W. Schekman,male,2013,medicine,"for their discoveries of machinery regulating vesicle traffic, a major transport system in our cells",University of California,1948-12-30,"St. Paul, MN, USA",USA,
936,Thomas C. Südhof,male,2013,medicine,"for their discoveries of machinery regulating vesicle traffic, a major transport system in our cells",Stanford University,1955-12-22,"Göttingen, Germany",Germany,
45,Alice Munro,female,2013,literature,master of the contemporary short story,,1931-07-10,"Wingham, Canada",Canada,
704,Organisation for the Prohibition of Chemical Weapons,org,2013,peace,for its extensive efforts to eliminate chemical weapons,,,,,
257,Eugene F. Fama,male,2013,economic,for their empirical analysis of asset prices,University of Chicago,1939-02-14,"Boston, MA, USA",USA,
575,Lars Peter Hansen,male,2013,economic,for their empirical analysis of asset prices,University of Chicago,1952-10-26,"Urbana, IL, USA",USA,
820,Robert J. Shiller,male,2013,economic,for their empirical analysis of asset prices,Yale University,1946-03-29,"Detroit, MI, USA",USA,
410,Hiroshi Amano,male,2014,physics,for the invention of efficient blue light-emitting diodes which has enabled bright and energy-saving white light sources,Nagoya University,1960-09-11,"Hamamatsu, Japan",Japan,
434,Isamu Akasaki,male,2014,physics,for the invention of efficient blue light-emitting diodes which has enabled bright and energy-saving white light sources,Meijo University,1929-01-30,"Chiran, Japan",Japan,
872,Shuji Nakamura,male,2014,physics,for the invention of efficient blue light-emitting diodes which has enabled bright and energy-saving white light sources,University of California,1954-05-22,"Ikata, Japan",Japan,
240,Eric Betzig,male,2014,chemistry,for the development of super-resolved fluorescence microscopy,"Janelia Research Campus, Howard Hughes Medical Institute",1960-01-13,"Ann Arbor, MI, USA",USA,
908,Stefan W. Hell,male,2014,chemistry,for the development of super-resolved fluorescence microscopy,Max Planck Institute for Biophysical Chemistry,1962-12-23,"Arad, Romania",Romania,
994,William E. Moerner,male,2014,chemistry,for the development of super-resolved fluorescence microscopy,Stanford University,1953-06-24,"Pleasanton, CA, USA",USA,
213,Edvard I. Moser,male,2014,medicine,for their discoveries of cells that constitute a positioning system in the brain,Norwegian University of Science and Technology (NTNU),1962-04-27,"Ålesund, Norway",Norway,
518,John O'Keefe,male,2014,medicine,for their discoveries of cells that constitute a positioning system in the brain,University College,1939-11-18,"New York, NY, USA",USA,
646,May-Britt Moser,female,2014,medicine,for their discoveries of cells that constitute a positioning system in the brain,Norwegian University of Science and Technology (NTNU),1963-01-04,"Fosnavåg, Norway",Norway,
720,Patrick Modiano,male,2014,literature,for the art of memory with which he has evoked the most ungraspable human destinies and uncovered the life-world of the occupation,,1945-07-30,"Paris, France",France,
548,Kailash Satyarthi,male,2014,peace,for their struggle against the suppression of children and young people and for the right of all children to education,,1954-01-11,"Vidisha, India",India,
615,Malala Yousafzai,female,2014,peace,for their struggle against the suppression of children and young people and for the right of all children to education,,1997-07-12,"Mingora, Pakistan",Pakistan,
475,Jean Tirole,male,2014,economic,for his analysis of market power and regulation,Toulouse School of Economics (TSE),1953-08-09,"Troyes, France",France,
79,Arthur B. McDonald,male,2015,physics,"for the discovery of neutrino oscillations, which shows that neutrinos have mass",Queen's University,1943-08-29,"Sydney, Nova Scotia, Canada",Canada,
923,Takaaki Kajita,male,2015,physics,"for the discovery of neutrino oscillations, which shows that neutrinos have mass",University of Tokyo,1959-03-09,"Higashimatsuyama, Japan",Japan,
91,Aziz Sancar,male,2015,chemistry,for mechanistic studies of DNA repair,University of North Carolina,1946-09-08,"Savur, Turkey",Turkey,
736,Paul Modrich,male,2015,chemistry,for mechanistic studies of DNA repair,Howard Hughes Medical Institute,1946-06-13,"Raton, NM, USA",USA,
945,Tomas Lindahl,male,2015,chemistry,for mechanistic studies of DNA repair,Francis Crick Institute,1938-01-28,"Stockholm, Sweden",Sweden,
857,Satoshi Ōmura,male,2015,medicine,for their discoveries concerning a novel therapy against infections caused by roundworm parasites,Kitasato University,1935-07-12,"Yamanashi Prefecture, Japan",Japan,
952,Tu Youyou,female,2015,medicine,for her discoveries concerning a novel therapy against Malaria,China Academy of Traditional Chinese Medicine,1930-12-30,"Zhejiang Ningbo, China",China,
991,William C. Campbell,male,2015,medicine,for their discoveries concerning a novel therapy against infections caused by roundworm parasites,Drew University,1930-06-28,"Ramelton, Ireland",Ireland,
918,Svetlana Alexievich,female,2015,literature,"for her polyphonic writings, a monument to suffering and courage in our time",,1948-05-31,"Ivano-Frankivsk, Ukraine",Ukraine,
679,National Dialogue Quartet,org,2015,peace,for its decisive contribution to the building of a pluralistic democracy in Tunisia in the wake of the Jasmine Revolution of 2011,,,,,
64,Angus Deaton,male,2015,economic,"for his analysis of consumption, poverty, and welfare",Princeton University,1945-10-19,"Edinburgh, Scotland",Scotland,
180,David J. Thouless,male,2016,physics,for theoretical discoveries of topological phase transitions and topological phases of matter,University of Washington,1934-09-21,"Bearsden, United Kingdom",United Kingdom,
263,F. Duncan M. Haldane,male,2016,physics,for theoretical discoveries of topological phase transitions and topological phases of matter,Princeton University,1951-09-14,"London, United Kingdom",United Kingdom,
444,J. Michael Kosterlitz,male,2016,physics,for theoretical discoveries of topological phase transitions and topological phases of matter,Brown University,1943-06-22,"Aberdeen, United Kingdom",United Kingdom,
103,Bernard L. Feringa,male,2016,chemistry,for the design and synthesis of molecular machines,University of Groningen,1951-05-18,"Barger-Compascuum, the Netherlands",the Netherlands,
478,Jean-Pierre Sauvage,male,2016,chemistry,for the design and synthesis of molecular machines,University of Strasbourg,1944-10-21,"Paris, France",France,
893,Sir J. Fraser Stoddart,male,2016,chemistry,for the design and synthesis of molecular machines,Northwestern University,1942-05-24,"Edinburgh, United Kingdom",United Kingdom,
1020,Yoshinori Ohsumi,male,2016,medicine,for his discoveries of mechanisms for autophagy,Tokyo Institute of Technology,1945-02-09,"Fukuoka, Japan",Japan,
112,Bob Dylan,male,2016,literature,for having created new poetic expressions within the great American song tradition,,1941-05-24,"Duluth, MN, USA",USA,
537,Juan Manuel Santos,male,2016,peace,for his resolute efforts to bring the country's more than 50-year-long civil war to an end,,1951-08-10,"Bogotá, Colombia",Colombia,
100,Bengt Holmström,male,2016,economic,for their contributions to contract theory,Massachusetts Institute of Technology (MIT),1949-04-18,"Helsinki, Finland",Finland,
701,Oliver Hart,male,2016,economic,for their contributions to contract theory,Harvard University,1948-10-09,"London, United Kingdom",United Kingdom,
94,Barry C. Barish,male,2017,physics,for decisive contributions to the LIGO detector and the observation of gravitational waves,LIGO/VIRGO Collaboration,1936-01-27,"Omaha, NE, USA",USA,
562,Kip S. Thorne,male,2017,physics,for decisive contributions to the LIGO detector and the observation of gravitational waves,LIGO/VIRGO Collaboration,1940-06-01,"Logan, UT, USA",USA,
772,Rainer Weiss,male,2017,physics,for decisive contributions to the LIGO detector and the observation of gravitational waves,LIGO/VIRGO Collaboration,1932-09-29,"Berlin, Germany",Germany,
452,Jacques Dubochet,male,2017,chemistry,for developing cryo-electron microscopy for the high-resolution structure determination of biomolecules in solution,University of Lausanne,1942-06-08,"Aigle, Switzerland",Switzerland,
485,Joachim Frank,male,2017,chemistry,for developing cryo-electron microscopy for the high-resolution structure determination of biomolecules in solution,Columbia University,1940-09-12,"Siegen, Germany",Germany,
788,Richard Henderson,male,2017,chemistry,for developing cryo-electron microscopy for the high-resolution structure determination of biomolecules in solution,MRC Laboratory of Molecular Biology,1945-07-19,"Edinburgh, Scotland",Scotland,
479,Jeffrey C. Hall,male,2017,medicine,for their discoveries of molecular mechanisms controlling the circadian rhythm,University of Maine,1945-05-03,"New York, NY, USA",USA,
655,Michael Rosbash,male,2017,medicine,for their discoveries of molecular mechanisms controlling the circadian rhythm,Brandeis University,1944-03-07,"Kansas City, MO, USA",USA,
658,Michael W. Young,male,2017,medicine,for their discoveries of molecular mechanisms controlling the circadian rhythm,Rockefeller University,1949-03-28,"Miami, FL, USA",USA,
555,Kazuo Ishiguro,male,2017,literature,"who, in novels of great emotional force, has uncovered the abyss beneath our illusory sense of connection with the world",,1954-11-08,"Nagasaki, Japan",Japan,
423,International Campaign to Abolish Nuclear Weapons,org,2017,peace,for its work to draw attention to the catastrophic humanitarian consequences of any use of nuclear weapons and for its ground-breaking efforts to achieve a treaty-based prohibition of such weapons,,,,,
787,Richard H. Thaler,male,2017,economic,for his contributions to behavioural economics,University of Chicago,1945-09-12,"East Orange, NJ, USA",USA,
78,Arthur Ashkin,male,2018,physics,for the optical tweezers and their application to biological systems,Bell Laboratories,1922-09-02,"New York, NY, USA",USA,
198,Donna Strickland,female,2018,physics,"for their method of generating high-intensity, ultra-short optical pulses",University of Waterloo,1959-05-27,"Guelph, Canada",Canada,
336,Gérard Mourou,male,2018,physics,"for their method of generating high-intensity, ultra-short optical pulses",École Polytechnique,1944-06-22,"Albertville, France",France,
273,Frances H. Arnold,female,2018,chemistry,for the directed evolution of enzymes,California Institute of Technology (Caltech),1956-07-25,"Pittsburgh, PA, USA",USA,
326,George P. Smith,male,2018,chemistry,for the phage display of peptides and antibodies,University of Missouri,1941-03-10,"Norwalk, CT, USA",USA,
889,Sir Gregory P. Winter,male,2018,chemistry,for the phage display of peptides and antibodies,MRC Laboratory of Molecular Biology,1951-04-14,"Leicester, United Kingdom",United Kingdom,
464,James P. Allison,male,2018,medicine,for their discovery of cancer therapy by inhibition of negative immune regulation,Parker Institute for Cancer Immunotherapy,1948-08-07,"Alice, TX, USA",USA,
924,Tasuku Honjo,male,2018,medicine,for their discovery of cancer therapy by inhibition of negative immune regulation,Kyoto University,1942-01-27,"Kyoto, Japan",Japan,
699,Olga Tokarczuk,female,2018,literature,for a narrative imagination that with encyclopedic passion represents the crossing of boundaries as a form of life,,1962-01-29,"Sulechów, Poland",Poland,
187,Denis Mukwege,male,2018,peace,for their efforts to end the use of sexual violence as a weapon of war and armed conflict,,1955-03-01,"Bukavu, Belgian Congo (now Democratic Republic of the Congo)",Belgian Congo,
673,Nadia Murad Basee Taha,female,2018,peace,for their efforts to end the use of sexual violence as a weapon of war and armed conflict,,1993-03-10,"Kojo, Iraq",Iraq,
735,Paul M. Romer,male,2018,economic,for integrating technological innovations into long-run macroeconomic analysis,NYU Stern School of Business,1955-00-00,"Denver, CO, USA",USA,
992,William D. Nordhaus,male,2018,economic,for integrating climate change into long-run macroeconomic analysis,Yale University,1941-05-31,"Albuquerque, NM, USA",USA,
193,Didier Queloz,male,2019,physics,for the discovery of an exoplanet orbiting a solar-type star,University of Geneva,1966-02-23,"Geneva, Switzerland",Switzerland,
465,James Peebles,male,2019,physics,for theoretical discoveries in physical cosmology,Princeton University,1935-04-25,"Winnipeg, Canada",Canada,
660,Michel Mayor,male,2019,physics,for the discovery of an exoplanet orbiting a solar-type star,University of Geneva,1942-01-12,"Lausanne, Switzerland",Switzerland,
17,Akira Yoshino,male,2019,chemistry,for the development of lithium-ion batteries,Asahi Kasei Corporation,1948-01-30,"Suita, Japan",Japan,
494,John B. Goodenough,male,2019,chemistry,for the development of lithium-ion batteries,University of Texas,1922-07-25,"Jena, Germany",Germany,
612,M. Stanley Whittingham,male,2019,chemistry,for the development of lithium-ion batteries,"Binghamton University, State University of New York",1941-12-22,United Kingdom,United Kingdom,
353,Gregg L. Semenza,male,2019,medicine,for their discoveries of how cells sense and adapt to oxygen availability,Johns Hopkins University,1956-07-12,"New York, NY, USA",USA,
901,Sir Peter J. Ratcliffe,male,2019,medicine,for their discoveries of how cells sense and adapt to oxygen availability,University of Oxford,1954-05-14,"Lancashire, United Kingdom",United Kingdom,
998,William G. Kaelin Jr,male,2019,medicine,for their discoveries of how cells sense and adapt to oxygen availability,Harvard Medical School,1957-11-23,"New York, NY, USA",USA,
749,Peter Handke,male,2019,literature,for an influential work that with linguistic ingenuity has explored the periphery and the specificity of human experience,,1942-12-06,"Griffen, Austria",Austria,
8,Abiy Ahmed Ali,male,2019,peace,"for his efforts to achieve peace and international cooperation, and in particular for his decisive initiative to resolve the border conflict with neighbouring Eritrea",,1976-08-15,"Beshasha, Ethiopia",Ethiopia,
7,Abhijit Banerjee,male,2019,economic,for their experimental approach to alleviating global poverty,Massachusetts Institute of Technology (MIT),1961-02-21,"Mumbai, India",India,
256,Esther Duflo,female,2019,economic,for their experimental approach to alleviating global poverty,Massachusetts Institute of Technology (MIT),1972-10-25,"Paris, France",France,
653,Michael Kremer,male,2019,economic,for their experimental approach to alleviating global poverty,Harvard University,1964-11-12,"New York, NY, USA",USA,
59,Andrea Ghez,female,2020,physics,for the discovery of a supermassive compact object at the centre of our galaxy,University of California,1965-06-16,"New York, NY, USA",USA,
778,Reinhard Genzel,male,2020,physics,for the discovery of a supermassive compact object at the centre of our galaxy,Max Planck Institute for Extraterrestrial Physics,1952-03-24,"Bad Homburg vor der Höhe, Germany",Germany,
835,Roger Penrose,male,2020,physics,for the discovery that black hole formation is a robust prediction of the general theory of relativity,University of Oxford,1931-08-08,"Colchester, United Kingdom",United Kingdom,
238,Emmanuelle Charpentier,female,2020,chemistry,for the development of a method for genome editing,Max Planck Unit for the Science of Pathogens,1968-12-11,"Juvisy-sur-Orge, France",France,
480,Jennifer A. Doudna,female,2020,chemistry,for the development of a method for genome editing,University of California,1964-02-19,"Washington, D.C., USA",USA,
143,Charles M. Rice,male,2020,medicine,for the discovery of Hepatitis C virus,Rockefeller University,1952-08-25,"Sacramento, CA, USA",USA,
382,Harvey J. Alter,male,2020,medicine,for the discovery of Hepatitis C virus,National Institutes of Health,1935-09-12,"New York, NY, USA",USA,
652,Michael Houghton,male,2020,medicine,for the discovery of Hepatitis C virus,University of Alberta,1949-00-00,United Kingdom,United Kingdom,
606,Louise Glück,female,2020,literature,for her unmistakable poetic voice that with austere beauty makes individual existence universal,,1943-04-22,"New York, NY, USA",USA,
1015,World Food Programme,org,2020,peace,"for its efforts to combat hunger, for its contribution to bettering conditions for peace in conflict-affected areas and for acting as a driving force in efforts to prevent the use of hunger as a weapon of war and conflict",,,,,
738,Paul R. Milgrom,male,2020,economic,for improvements to auction theory and inventions of new auction formats,Stanford University,1948-04-20,"Detroit, MI, USA",USA,
804,Robert B. Wilson,male,2020,economic,for improvements to auction theory and inventions of new auction formats,Stanford University,1937-05-16,"Geneva, NE, USA",USA,
345,Giorgio Parisi,male,2021,physics,for the discovery of the interplay of disorder and fluctuations in physical systems from atomic to planetary scales,Sapienza University of Rome,1948-08-04,"Rome, Italy",Italy,
564,Klaus Hasselmann,male,2021,physics,"for the physical modelling of Earth’s climate, quantifying variability and reliably predicting global warming",Max Planck Institute for Meteorology,1931-10-25,"Hamburg, Germany",Germany,
920,Syukuro Manabe,male,2021,physics,"for the physical modelling of Earth’s climate, quantifying variability and reliably predicting global warming",Princeton University,1931-09-21,"Shingu, Ehime, Japan",Japan,
102,Benjamin List,male,2021,chemistry,for the development of asymmetric organocatalysis,Max-Planck-Institut für Kohlenforschung,1968-01-11,"Frankfurt-on-the-Main, Germany",Germany,
185,David W.C. MacMillan,male,2021,chemistry,for the development of asymmetric organocatalysis,Princeton University,1968-03-16,"Bellshill, United Kingdom",United Kingdom,
73,Ardem Patapoutian,male,2021,medicine,for their discoveries of receptors for temperature and touch,Scripps Research,1967-00-00,"Beirut, Lebanon",Lebanon,
182,David Julius,male,2021,medicine,for their discoveries of receptors for temperature and touch,University of California,1955-11-04,"New York, NY, USA",USA,
5,Abdulrazak Gurnah,male,2021,literature,for his uncompromising and compassionate penetration of the effects of colonialism and the fate of the refugee in the gulf between cultures and continents,,1948-00-00,,,
194,Dmitry Andreyevich Muratov,male,2021,peace,"for their efforts to safeguard freedom of expression, which is a precondition for democracy and lasting peace",,1961-10-29,"Kubyshev, USSR (now Samara, Russia)",USSR,
620,Maria Ressa,female,2021,peace,"for their efforts to safeguard freedom of expression, which is a precondition for democracy and lasting peace",,1963-10-02,"Manila, Philippines",Philippines,
177,David Card,male,2021,economic,for his empirical contributions to labour economics,University of California,1956-00-00,"Guelph, Canada",Canada,
355,Guido W. Imbens,male,2021,economic,for their methodological contributions to the analysis of causal relationships,Stanford University,1963-09-03,"Geldrop, the Netherlands",the Netherlands,
535,Joshua D. Angrist,male,2021,economic,for their methodological contributions to the analysis of causal relationships,Massachusetts Institute of Technology (MIT),1960-09-18,"Columbus, OH, USA",USA,
19,Alain Aspect,male,2022,physics,"for experiments with entangled photons, establishing the violation of Bell inequalities and pioneering quantum information science",Institut d’Optique Graduate School – Université Paris-Saclay,1947-06-15,"Agen, France",France,
68,Anton Zeilinger,male,2022,physics,"for experiments with entangled photons, establishing the violation of Bell inequalities and pioneering quantum information science",University of Vienna,1945-05-20,"Ried im Innkreis, Austria",Austria,
502,John F. Clauser,male,2022,physics,"for experiments with entangled photons, establishing the violation of Bell inequalities and pioneering quantum information science",J.F. Clauser & Assoc.,1942-12-01,"Pasadena, CA, USA",USA,
132,Carolyn R. Bertozzi,female,2022,chemistry,for the development of click chemistry and bioorthogonal chemistry,Stanford University,1966-10-10,"Boston, MA, USA",USA,
546,K. Barry Sharpless,male,2022,chemistry,for the development of click chemistry and bioorthogonal chemistry,Scripps Research,1941-04-28,"Philadelphia, PA, USA",USA,
667,Morten Meldal,male,2022,chemistry,for the development of click chemistry and bioorthogonal chemistry,University of Copenhagen,1954-01-16,"Copenhagen, Denmark",Denmark,
917,Svante Pääbo,male,2022,medicine,for his discoveries concerning the genomes of extinct hominins and human evolution,Max Planck Institute for Evolutionary Anthropology,1955-04-20,"Stockholm, Sweden",Sweden,
66,Annie Ernaux,female,2022,literature,"for the courage and clinical acuity with which she uncovers the roots, estrangements and collective restraints of personal memory",,1940-09-01,"Lillebonne, France",France,
36,Ales Bialiatski,male,2022,peace,"The Peace Prize laureates represent civil society in their home countries. They have for many years promoted the right to criticise power and protect the fundamental rights of citizens. They have made an outstanding effort to document war crimes, human right abuses and the abuse of power. Together they demonstrate the significance of civil society for peace and democracy.",,1962-09-25,"Vyartsilya, Karelia, Russia",Russia,
134,Center for Civil Liberties,org,2022,peace,"The Peace Prize laureates represent civil society in their home countries. They have for many years promoted the right to criticise power and protect the fundamental rights of citizens. They have made an outstanding effort to document war crimes, human right abuses and the abuse of power. Together they demonstrate the significance of civil society for peace and democracy.",,,,,
649,Memorial,org,2022,peace,"The Peace Prize laureates represent civil society in their home countries. They have for many years promoted the right to criticise power and protect the fundamental rights of citizens. They have made an outstanding effort to document war crimes, human right abuses and the abuse of power. Together they demonstrate the significance of civil society for peace and democracy.",,,,,
98,Ben S. Bernanke,male,2022,economic,for research on banks and financial crises,The Brookings Institution,1953-12-13,"Augusta, GA, USA",USA,
202,Douglas W. Diamond,male,2022,economic,for research on banks and financial crises,University of Chicago,1953-10-25,"Chicago, IL, USA",USA,
755,Philip H. Dybvig,male,2022,economic,for research on banks and financial crises,Washington University,1955-05-22,"Gainesville, FL, USA",USA,
65,Anne L’Huillier,female,2023,physics,for experimental methods that generate attosecond pulses of light for the study of electron dynamics in matter,Lund University,1958-08-16,"Paris, France",France,
270,Ferenc Krausz,male,2023,physics,for experimental methods that generate attosecond pulses of light for the study of electron dynamics in matter,Max Planck Institute of Quantum Optics,1962-05-17,"Mór, Hungary",Hungary,
762,Pierre Agostini,male,2023,physics,for experimental methods that generate attosecond pulses of light for the study of electron dynamics in matter,The Ohio State University,1941-07-23,"Tunis, French protectorate of Tunisia (now Tunisia)",French protectorate of Tunisia,
35,Aleksey Yekimov,male,2023,chemistry,for the discovery and synthesis of quantum dots,Nanocrystals Technology Inc.,1945-00-00,"Leningrad, USSR (now St. Petersburg, Russia)",USSR,
601,Louis E. Brus,male,2023,chemistry,for the discovery and synthesis of quantum dots,Columbia University,1943-00-00,"Cleveland, OH, USA",USA,
669,Moungi G. Bawendi,male,2023,chemistry,for the discovery and synthesis of quantum dots,Massachusetts Institute of Technology (MIT),1961-00-00,"Paris, France",France,
204,Drew Weissman,male,2023,medicine,for their discoveries concerning nucleoside base modifications that enabled the development of effective mRNA vaccines against COVID-19,"Penn Institute for RNA Innovations, University of Pennsylvania",1959-09-07,"Lexington, MA, USA",USA,
554,Katalin Karikó,female,2023,medicine,for their discoveries concerning nucleoside base modifications that enabled the development of effective mRNA vaccines against COVID-19,Szeged University,1955-01-17,"Szolnok, Hungary",Hungary,
524,Jon Fosse,male,2023,literature,for his innovative plays and prose which give voice to the unsayable,,1959-09-29,"Haugesund, Norway",Norway,
677,Narges Mohammadi,female,2023,peace,for her fight against the oppression of women in Iran and her fight to promote human rights and freedom for all,,1972-04-21,"Zanjan, Iran",Iran,
156,Claudia Goldin,female,2023,economic,for having advanced our understanding of women’s labour market outcomes,Harvard University,1946-05-14,"New York, NY, USA",USA,
309,Geoffrey Hinton,male,2024,physics,for foundational discoveries and inventions that enable machine learning with artificial neural networks,University of Toronto,1947-12-06,"London, United Kingdom",United Kingdom,
513,John J. Hopfield,male,2024,physics,for foundational discoveries and inventions that enable machine learning with artificial neural networks,Princeton University,1933-07-15,"Chicago, IL, USA",USA,
175,David Baker,male,2024,chemistry,for computational protein design,University of Washington,1962-00-00,"Seattle, WA, USA",USA,
186,Demis Hassabis,male,2024,chemistry,for protein structure prediction,Google DeepMind,1976-07-27,"London, United Kingdom",United Kingdom,
514,John Jumper,male,2024,chemistry,for protein structure prediction,Google DeepMind,1985-00-00,"Little Rock, AR, USA",USA,
308,Gary Ruvkun,male,2024,medicine,for the discovery of microRNA and its role in post-transcriptional gene regulation,Massachusetts General Hospital,1952-00-00,"Berkeley, CA, USA",USA,
963,Victor Ambros,male,2024,medicine,for the discovery of microRNA and its role in post-transcriptional gene regulation,UMass Chan Medical School,1953-12-01,"Hanover, NH, USA",USA,
367,Han Kang,female,2024,literature,for her intense poetic prose that confronts historical traumas and exposes the fragility of human life,,1970-11-27,"Gwangju, South Korea",South Korea,
688,Nihon Hidankyo,org,2024,peace,for its efforts to achieve a world free of nuclear weapons and for demonstrating through witness testimony that nuclear weapons must never be used again,,,,,
174,Daron Acemoglu,male,2024,economic,for studies of how institutions are formed and affect prosperity,Massachusetts Institute of Technology (MIT),1967-09-03,"Istanbul, Turkey",Turkey,
455,James A. Robinson,male,2024,economic,for studies of how institutions are formed and affect prosperity,University of Chicago,1960-00-00,,,
875,Simon Henry Roberts Johnson,male,2024,economic,for studies of how institutions are formed and affect prosperity,Massachusetts Institute of Technology (MIT),1963-00-00,"Sheffield, United Kingdom",United Kingdom,
501,John Clarke,male,2025,physics,for the discovery of macroscopic quantum mechanical tunnelling and energy quantisation in an electric circuit,University of California,1942-00-00,"Cambridge, United Kingdom",United Kingdom,
516,John M. Martinis,male,2025,physics,for the discovery of macroscopic quantum mechanical tunnelling and energy quantisation in an electric circuit,University of California,1958-00-00,,,
659,Michel H. Devoret,male,2025,physics,for the discovery of macroscopic quantum mechanical tunnelling and energy quantisation in an electric circuit,Yale University,1953-00-00,"Paris, France",France,
703,Omar M. Yaghi,male,2025,chemistry,for the development of metal–organic frameworks,University of California,1965-02-09,"Amman, Jordan",Jordan,
795,Richard Robson,male,2025,chemistry,for the development of metal–organic frameworks,University of Melbourne,1937-06-04,"Glusburn, United Kingdom",United Kingdom,
914,Susumu Kitagawa,male,2025,chemistry,for the development of metal–organic frameworks,Kyoto University,1951-07-04,"Kyoto, Japan",Japan,
284,Frederick J. Ramsdell,male,2025,medicine,for their discoveries concerning peripheral immune tolerance,Sonoma Biotherapeutics,1960-12-04,"Elmhurst, IL, USA",USA,
635,Mary E. Brunkow,female,2025,medicine,for their discoveries concerning peripheral immune tolerance,Institute for Systems Biology,1961-04-23,"Portland, OR, USA",USA,
868,Shimon Sakaguchi,male,2025,medicine,for their discoveries concerning peripheral immune tolerance,The University of Osaka,1951-01-19,"Nagahama, Shiga, Japan",Japan,
576,László Krasznahorkai,male,2025,literature,"for his compelling and visionary oeuvre that, in the midst of apocalyptic terror, reaffirms the power of art",,1954-01-05,"Gyula, Hungary",Hungary,
618,Maria Corina Machado,female,2025,peace,for her tireless work promoting democratic rights for the people of Venezuela and for her struggle to achieve a just and peaceful transition from dictatorship to democracy,,1967-00-00,Venezuela,Venezuela,
487,Joel Mokyr,male,2025,economic,for having identified the prerequisites for sustained growth through technological progress,Northwestern University,1946-07-26,"Leiden, the Netherlands",the Netherlands,
751,Peter Howitt,male,2025,economic,for the theory of sustained growth through creative destruction,Brown University,1946-05-31,Canada,Canada,
760,Philippe Aghion,male,2025,economic,for the theory of sustained growth through creative destruction,Collège de France,1956-08-17,"Paris, France",France,
